PRAGMA foreign_keys = ON;


INSERT INTO SistemaSom (nome,classificacao) values ("Basic Sound System" , 3);
INSERT INTO SistemaSom (nome,classificacao) values ("Ultra Sound System" , 4);
INSERT INTO SistemaSom (nome,classificacao) values ("IMAX Sound System" , 5);



INSERT INTO Ecra (nome,polegadas,classificacao) values("Medium Screen" , 150 , 3);
INSERT INTO Ecra (nome,polegadas,classificacao) values("Big Screen" , 180 , 3);
INSERT INTO Ecra (nome,polegadas,classificacao) values("Ultra Screen" , 180 , 4);
INSERT INTO Ecra (nome,polegadas,classificacao) values("IMAX Screen" , 200 , 5);



INSERT INTO Cinema (nome,telefone,morada , codigoPostal,email,site) values ('NorteShopping' , 919234571 , 'Rua Paços Delgado, nº 41' , '4440-225' , 'cinemasnorte@gmail.com' , 'www.cinemasnorte.com' );
INSERT INTO Cinema (nome,telefone,morada , codigoPostal,email,site) values ('MarShopping' , 928492203 , 'Rua Costa Almeida, nº 12' , '4447-183' , 'cinemasmar@gmail.com' , 'www.cinemasmar.com' );
INSERT INTO Cinema (nome,telefone,morada , codigoPostal,email,site) values ('Parque Nascente' , 928983005 , 'Praceta Parque Nascente, nº 35' , '4435-182' , 'parquenascente@gmail.com' , 'www.parquenascente.com' );
INSERT INTO Cinema (nome,telefone,morada , codigoPostal,email,site) values ('Arrábida Shopping' , 986832458 , 'Praceta de Henrique Moreira, nº 244' , '4400-346' , 'arrabidasgmail.com' , 'wwww.arrabidas.com' );



INSERT INTO Sala (numero,cinema,numLugares,sistemaSom,ecra) values (1, 1, 150 , 1 , 1);
INSERT INTO Sala (numero,cinema,numLugares,sistemaSom,ecra) values (2, 1, 200 , 2 , 2);
INSERT INTO Sala (numero,cinema,numLugares,sistemaSom,ecra) values (3, 1, 200 , 2 , 3);
INSERT INTO Sala (numero,cinema,numLugares,sistemaSom,ecra) values (4, 1, 300 , 3 , 4);

INSERT INTO Sala (numero,cinema,numLugares,sistemaSom,ecra) values (1, 2, 150 , 1 , 2);
INSERT INTO Sala (numero,cinema,numLugares,sistemaSom,ecra) values (2, 2, 160 , 2 , 2);
INSERT INTO Sala (numero,cinema,numLugares,sistemaSom,ecra) values (3, 2, 180 , 2 , 2);
INSERT INTO Sala (numero,cinema,numLugares,sistemaSom,ecra) values (4, 2, 270 , 2 , 3);

INSERT INTO Sala (numero,cinema,numLugares,sistemaSom,ecra) values (1, 3, 110 , 1 , 1);
INSERT INTO Sala (numero,cinema,numLugares,sistemaSom,ecra) values (2, 3, 100 , 2 , 2);
INSERT INTO Sala (numero,cinema,numLugares,sistemaSom,ecra) values (3, 3, 150 , 2 , 2);
INSERT INTO Sala (numero,cinema,numLugares,sistemaSom,ecra) values (4, 3, 120 , 2 , 3);

INSERT INTO Sala (numero,cinema,numLugares,sistemaSom,ecra) values (1, 4, 150 , 1 , 1);
INSERT INTO Sala (numero,cinema,numLugares,sistemaSom,ecra) values (2, 4, 160 , 2 , 1);
INSERT INTO Sala (numero,cinema,numLugares,sistemaSom,ecra) values (3, 4, 200 , 2 , 2);
INSERT INTO Sala (numero,cinema,numLugares,sistemaSom,ecra) values (4, 4, 270 , 2 , 2);



INSERT INTO Lugar (sala,fila,numero,VIP) values (1,1,1, 0);
INSERT INTO Lugar (sala,fila,numero,VIP) values (1,1,2, 0);
INSERT INTO Lugar (sala,fila,numero,VIP) values (1,1,3, 0);
INSERT INTO Lugar (sala,fila,numero,VIP) values (1,1,4, 0);
INSERT INTO Lugar (sala,fila,numero,VIP) values (1,1,5, 0);
INSERT INTO Lugar (sala,fila,numero,VIP) values (1,1,6, 0);
INSERT INTO Lugar (sala,fila,numero,VIP) values (1,1,7, 0);
INSERT INTO Lugar (sala,fila,numero,VIP) values (1,1,8, 0);
INSERT INTO Lugar (sala,fila,numero,VIP) values (1,1,9, 0);
INSERT INTO Lugar (sala,fila,numero,VIP) values (1,1,10, 0);
INSERT INTO Lugar (sala,fila,numero,VIP) values (1,1,11, 0);
INSERT INTO Lugar (sala,fila,numero,VIP) values (1,1,12, 0);
INSERT INTO Lugar (sala,fila,numero,VIP) values (1,1,13, 0);
INSERT INTO Lugar (sala,fila,numero,VIP) values (1,1,14, 0);
INSERT INTO Lugar (sala,fila,numero,VIP) values (1,1,15, 0);
INSERT INTO Lugar (sala,fila,numero,VIP) values (1,2,1, 0);
INSERT INTO Lugar (sala,fila,numero,VIP) values (1,2,2, 0);
INSERT INTO Lugar (sala,fila,numero,VIP) values (1,2,3, 0);
INSERT INTO Lugar (sala,fila,numero,VIP) values (1,2,4, 0);
INSERT INTO Lugar (sala,fila,numero,VIP) values (1,2,5, 0);
INSERT INTO Lugar (sala,fila,numero,VIP) values (1,2,6, 0);
INSERT INTO Lugar (sala,fila,numero,VIP) values (1,2,7, 0);
INSERT INTO Lugar (sala,fila,numero,VIP) values (1,2,8, 0);
INSERT INTO Lugar (sala,fila,numero,VIP) values (1,2,9, 0);
INSERT INTO Lugar (sala,fila,numero,VIP) values (1,2,10, 0);
INSERT INTO Lugar (sala,fila,numero,VIP) values (1,2,11, 0);
INSERT INTO Lugar (sala,fila,numero,VIP) values (1,2,12, 0);
INSERT INTO Lugar (sala,fila,numero,VIP) values (1,2,13, 0);
INSERT INTO Lugar (sala,fila,numero,VIP) values (1,2,14, 0);
INSERT INTO Lugar (sala,fila,numero,VIP) values (1,2,15, 0);
INSERT INTO Lugar (sala,fila,numero,VIP) values (1,3,1, 0);
INSERT INTO Lugar (sala,fila,numero,VIP) values (1,3,2, 0);
INSERT INTO Lugar (sala,fila,numero,VIP) values (1,3,3, 0);
INSERT INTO Lugar (sala,fila,numero,VIP) values (1,3,4, 0);
INSERT INTO Lugar (sala,fila,numero,VIP) values (1,3,5, 0);
INSERT INTO Lugar (sala,fila,numero,VIP) values (1,3,6, 0);
INSERT INTO Lugar (sala,fila,numero,VIP) values (1,3,7, 0);
INSERT INTO Lugar (sala,fila,numero,VIP) values (1,3,8, 0);
INSERT INTO Lugar (sala,fila,numero,VIP) values (1,3,9, 0);
INSERT INTO Lugar (sala,fila,numero,VIP) values (1,3,10, 0);
INSERT INTO Lugar (sala,fila,numero,VIP) values (1,3,11, 0);
INSERT INTO Lugar (sala,fila,numero,VIP) values (1,3,12, 0);
INSERT INTO Lugar (sala,fila,numero,VIP) values (1,3,13, 0);
INSERT INTO Lugar (sala,fila,numero,VIP) values (1,3,14, 0);
INSERT INTO Lugar (sala,fila,numero,VIP) values (1,3,15, 0);
INSERT INTO Lugar (sala,fila,numero,VIP) values (1,4,1, 0);
INSERT INTO Lugar (sala,fila,numero,VIP) values (1,4,2, 0);
INSERT INTO Lugar (sala,fila,numero,VIP) values (1,4,3, 0);
INSERT INTO Lugar (sala,fila,numero,VIP) values (1,4,4, 0);
INSERT INTO Lugar (sala,fila,numero,VIP) values (1,4,5, 0);
INSERT INTO Lugar (sala,fila,numero,VIP) values (1,4,6, 0);
INSERT INTO Lugar (sala,fila,numero,VIP) values (1,4,7, 0);
INSERT INTO Lugar (sala,fila,numero,VIP) values (1,4,8, 0);
INSERT INTO Lugar (sala,fila,numero,VIP) values (1,4,9, 0);
INSERT INTO Lugar (sala,fila,numero,VIP) values (1,4,10, 0);
INSERT INTO Lugar (sala,fila,numero,VIP) values (1,4,11, 0);
INSERT INTO Lugar (sala,fila,numero,VIP) values (1,4,12, 0);
INSERT INTO Lugar (sala,fila,numero,VIP) values (1,4,13, 0);
INSERT INTO Lugar (sala,fila,numero,VIP) values (1,4,14, 0);
INSERT INTO Lugar (sala,fila,numero,VIP) values (1,4,15, 0);
INSERT INTO Lugar (sala,fila,numero,VIP) values (1,5,1, 0);
INSERT INTO Lugar (sala,fila,numero,VIP) values (1,5,2, 0);
INSERT INTO Lugar (sala,fila,numero,VIP) values (1,5,3, 0);
INSERT INTO Lugar (sala,fila,numero,VIP) values (1,5,4, 0);
INSERT INTO Lugar (sala,fila,numero,VIP) values (1,5,5, 0);
INSERT INTO Lugar (sala,fila,numero,VIP) values (1,5,6, 0);
INSERT INTO Lugar (sala,fila,numero,VIP) values (1,5,7, 0);
INSERT INTO Lugar (sala,fila,numero,VIP) values (1,5,8, 0);
INSERT INTO Lugar (sala,fila,numero,VIP) values (1,5,9, 0);
INSERT INTO Lugar (sala,fila,numero,VIP) values (1,5,10, 0);
INSERT INTO Lugar (sala,fila,numero,VIP) values (1,5,11, 0);
INSERT INTO Lugar (sala,fila,numero,VIP) values (1,5,12, 0);
INSERT INTO Lugar (sala,fila,numero,VIP) values (1,5,13, 0);
INSERT INTO Lugar (sala,fila,numero,VIP) values (1,5,14, 0);
INSERT INTO Lugar (sala,fila,numero,VIP) values (1,5,15, 0);
INSERT INTO Lugar (sala,fila,numero,VIP) values (1,6,1, 0);
INSERT INTO Lugar (sala,fila,numero,VIP) values (1,6,2, 0);
INSERT INTO Lugar (sala,fila,numero,VIP) values (1,6,3, 0);
INSERT INTO Lugar (sala,fila,numero,VIP) values (1,6,4, 0);
INSERT INTO Lugar (sala,fila,numero,VIP) values (1,6,5, 0);
INSERT INTO Lugar (sala,fila,numero,VIP) values (1,6,6, 0);
INSERT INTO Lugar (sala,fila,numero,VIP) values (1,6,7, 0);
INSERT INTO Lugar (sala,fila,numero,VIP) values (1,6,8, 0);
INSERT INTO Lugar (sala,fila,numero,VIP) values (1,6,9, 0);
INSERT INTO Lugar (sala,fila,numero,VIP) values (1,6,10, 0);
INSERT INTO Lugar (sala,fila,numero,VIP) values (1,6,11, 0);
INSERT INTO Lugar (sala,fila,numero,VIP) values (1,6,12, 0);
INSERT INTO Lugar (sala,fila,numero,VIP) values (1,6,13, 0);
INSERT INTO Lugar (sala,fila,numero,VIP) values (1,6,14, 0);
INSERT INTO Lugar (sala,fila,numero,VIP) values (1,6,15, 0);
INSERT INTO Lugar (sala,fila,numero,VIP) values (1,7,1, 0);
INSERT INTO Lugar (sala,fila,numero,VIP) values (1,7,2, 0);
INSERT INTO Lugar (sala,fila,numero,VIP) values (1,7,3, 0);
INSERT INTO Lugar (sala,fila,numero,VIP) values (1,7,4, 0);
INSERT INTO Lugar (sala,fila,numero,VIP) values (1,7,5, 0);
INSERT INTO Lugar (sala,fila,numero,VIP) values (1,7,6, 0);
INSERT INTO Lugar (sala,fila,numero,VIP) values (1,7,7, 0);
INSERT INTO Lugar (sala,fila,numero,VIP) values (1,7,8, 0);
INSERT INTO Lugar (sala,fila,numero,VIP) values (1,7,9, 0);
INSERT INTO Lugar (sala,fila,numero,VIP) values (1,7,10, 0);
INSERT INTO Lugar (sala,fila,numero,VIP) values (1,7,11, 0);
INSERT INTO Lugar (sala,fila,numero,VIP) values (1,7,12, 0);
INSERT INTO Lugar (sala,fila,numero,VIP) values (1,7,13, 0);
INSERT INTO Lugar (sala,fila,numero,VIP) values (1,7,14, 0);
INSERT INTO Lugar (sala,fila,numero,VIP) values (1,7,15, 0);
INSERT INTO Lugar (sala,fila,numero,VIP) values (1,8,1, 0);
INSERT INTO Lugar (sala,fila,numero,VIP) values (1,8,2, 0);
INSERT INTO Lugar (sala,fila,numero,VIP) values (1,8,3, 0);
INSERT INTO Lugar (sala,fila,numero,VIP) values (1,8,4, 0);
INSERT INTO Lugar (sala,fila,numero,VIP) values (1,8,5, 0);
INSERT INTO Lugar (sala,fila,numero,VIP) values (1,8,6, 0);
INSERT INTO Lugar (sala,fila,numero,VIP) values (1,8,7, 0);
INSERT INTO Lugar (sala,fila,numero,VIP) values (1,8,8, 0);
INSERT INTO Lugar (sala,fila,numero,VIP) values (1,8,9, 0);
INSERT INTO Lugar (sala,fila,numero,VIP) values (1,8,10, 0);
INSERT INTO Lugar (sala,fila,numero,VIP) values (1,8,11, 0);
INSERT INTO Lugar (sala,fila,numero,VIP) values (1,8,12, 0);
INSERT INTO Lugar (sala,fila,numero,VIP) values (1,8,13, 0);
INSERT INTO Lugar (sala,fila,numero,VIP) values (1,8,14, 0);
INSERT INTO Lugar (sala,fila,numero,VIP) values (1,8,15, 0);
INSERT INTO Lugar (sala,fila,numero,VIP) values (1,9,1, 0);
INSERT INTO Lugar (sala,fila,numero,VIP) values (1,9,2, 0);
INSERT INTO Lugar (sala,fila,numero,VIP) values (1,9,3, 0);
INSERT INTO Lugar (sala,fila,numero,VIP) values (1,9,4, 0);
INSERT INTO Lugar (sala,fila,numero,VIP) values (1,9,5, 0);
INSERT INTO Lugar (sala,fila,numero,VIP) values (1,9,6, 0);
INSERT INTO Lugar (sala,fila,numero,VIP) values (1,9,7, 0);
INSERT INTO Lugar (sala,fila,numero,VIP) values (1,9,8, 0);
INSERT INTO Lugar (sala,fila,numero,VIP) values (1,9,9, 0);
INSERT INTO Lugar (sala,fila,numero,VIP) values (1,9,10, 0);
INSERT INTO Lugar (sala,fila,numero,VIP) values (1,9,11, 0);
INSERT INTO Lugar (sala,fila,numero,VIP) values (1,9,12, 0);
INSERT INTO Lugar (sala,fila,numero,VIP) values (1,9,13, 0);
INSERT INTO Lugar (sala,fila,numero,VIP) values (1,9,14, 0);
INSERT INTO Lugar (sala,fila,numero,VIP) values (1,9,15, 0);
INSERT INTO Lugar (sala,fila,numero,VIP) values (1,10,1, 0);
INSERT INTO Lugar (sala,fila,numero,VIP) values (1,10,2, 0);
INSERT INTO Lugar (sala,fila,numero,VIP) values (1,10,3, 0);
INSERT INTO Lugar (sala,fila,numero,VIP) values (1,10,4, 0);
INSERT INTO Lugar (sala,fila,numero,VIP) values (1,10,5, 0);
INSERT INTO Lugar (sala,fila,numero,VIP) values (1,10,6, 0);
INSERT INTO Lugar (sala,fila,numero,VIP) values (1,10,7, 0);
INSERT INTO Lugar (sala,fila,numero,VIP) values (1,10,8, 0);
INSERT INTO Lugar (sala,fila,numero,VIP) values (1,10,9, 0);
INSERT INTO Lugar (sala,fila,numero,VIP) values (1,10,10, 0);
INSERT INTO Lugar (sala,fila,numero,VIP) values (1,10,11, 0);
INSERT INTO Lugar (sala,fila,numero,VIP) values (1,10,12, 0);
INSERT INTO Lugar (sala,fila,numero,VIP) values (1,10,13, 0);
INSERT INTO Lugar (sala,fila,numero,VIP) values (1,10,14, 0);
INSERT INTO Lugar (sala,fila,numero,VIP) values (1,10,15, 0);

INSERT INTO Lugar (sala,fila,numero,VIP) values (2,1,1, 0);
INSERT INTO Lugar (sala,fila,numero,VIP) values (2,1,2, 0);
INSERT INTO Lugar (sala,fila,numero,VIP) values (2,1,3, 0);
INSERT INTO Lugar (sala,fila,numero,VIP) values (2,1,4, 0);
INSERT INTO Lugar (sala,fila,numero,VIP) values (2,1,5, 0);
INSERT INTO Lugar (sala,fila,numero,VIP) values (2,1,6, 0);
INSERT INTO Lugar (sala,fila,numero,VIP) values (2,1,7, 0);
INSERT INTO Lugar (sala,fila,numero,VIP) values (2,1,8, 0);
INSERT INTO Lugar (sala,fila,numero,VIP) values (2,1,9, 0);
INSERT INTO Lugar (sala,fila,numero,VIP) values (2,1,10, 0);
INSERT INTO Lugar (sala,fila,numero,VIP) values (2,1,11, 0);
INSERT INTO Lugar (sala,fila,numero,VIP) values (2,1,12, 0);
INSERT INTO Lugar (sala,fila,numero,VIP) values (2,1,13, 0);
INSERT INTO Lugar (sala,fila,numero,VIP) values (2,1,14, 0);
INSERT INTO Lugar (sala,fila,numero,VIP) values (2,1,15, 0);
INSERT INTO Lugar (sala,fila,numero,VIP) values (2,1,16, 0);
INSERT INTO Lugar (sala,fila,numero,VIP) values (2,1,17, 0);
INSERT INTO Lugar (sala,fila,numero,VIP) values (2,1,18, 0);
INSERT INTO Lugar (sala,fila,numero,VIP) values (2,1,19, 0);
INSERT INTO Lugar (sala,fila,numero,VIP) values (2,1,20, 0);
INSERT INTO Lugar (sala,fila,numero,VIP) values (2,2,1, 0);
INSERT INTO Lugar (sala,fila,numero,VIP) values (2,2,2, 0);
INSERT INTO Lugar (sala,fila,numero,VIP) values (2,2,3, 0);
INSERT INTO Lugar (sala,fila,numero,VIP) values (2,2,4, 0);
INSERT INTO Lugar (sala,fila,numero,VIP) values (2,2,5, 0);
INSERT INTO Lugar (sala,fila,numero,VIP) values (2,2,6, 0);
INSERT INTO Lugar (sala,fila,numero,VIP) values (2,2,7, 0);
INSERT INTO Lugar (sala,fila,numero,VIP) values (2,2,8, 0);
INSERT INTO Lugar (sala,fila,numero,VIP) values (2,2,9, 0);
INSERT INTO Lugar (sala,fila,numero,VIP) values (2,2,10, 0);
INSERT INTO Lugar (sala,fila,numero,VIP) values (2,2,11, 0);
INSERT INTO Lugar (sala,fila,numero,VIP) values (2,2,12, 0);
INSERT INTO Lugar (sala,fila,numero,VIP) values (2,2,13, 0);
INSERT INTO Lugar (sala,fila,numero,VIP) values (2,2,14, 0);
INSERT INTO Lugar (sala,fila,numero,VIP) values (2,2,15, 0);
INSERT INTO Lugar (sala,fila,numero,VIP) values (2,2,16, 0);
INSERT INTO Lugar (sala,fila,numero,VIP) values (2,2,17, 0);
INSERT INTO Lugar (sala,fila,numero,VIP) values (2,2,18, 0);
INSERT INTO Lugar (sala,fila,numero,VIP) values (2,2,19, 0);
INSERT INTO Lugar (sala,fila,numero,VIP) values (2,2,20, 0);
INSERT INTO Lugar (sala,fila,numero,VIP) values (2,3,1, 0);
INSERT INTO Lugar (sala,fila,numero,VIP) values (2,3,2, 0);
INSERT INTO Lugar (sala,fila,numero,VIP) values (2,3,3, 0);
INSERT INTO Lugar (sala,fila,numero,VIP) values (2,3,4, 0);
INSERT INTO Lugar (sala,fila,numero,VIP) values (2,3,5, 0);
INSERT INTO Lugar (sala,fila,numero,VIP) values (2,3,6, 0);
INSERT INTO Lugar (sala,fila,numero,VIP) values (2,3,7, 0);
INSERT INTO Lugar (sala,fila,numero,VIP) values (2,3,8, 0);
INSERT INTO Lugar (sala,fila,numero,VIP) values (2,3,9, 0);
INSERT INTO Lugar (sala,fila,numero,VIP) values (2,3,10, 0);
INSERT INTO Lugar (sala,fila,numero,VIP) values (2,3,11, 0);
INSERT INTO Lugar (sala,fila,numero,VIP) values (2,3,12, 0);
INSERT INTO Lugar (sala,fila,numero,VIP) values (2,3,13, 0);
INSERT INTO Lugar (sala,fila,numero,VIP) values (2,3,14, 0);
INSERT INTO Lugar (sala,fila,numero,VIP) values (2,3,15, 0);
INSERT INTO Lugar (sala,fila,numero,VIP) values (2,3,16, 0);
INSERT INTO Lugar (sala,fila,numero,VIP) values (2,3,17, 0);
INSERT INTO Lugar (sala,fila,numero,VIP) values (2,3,18, 0);
INSERT INTO Lugar (sala,fila,numero,VIP) values (2,3,19, 0);
INSERT INTO Lugar (sala,fila,numero,VIP) values (2,3,20, 0);
INSERT INTO Lugar (sala,fila,numero,VIP) values (2,4,1, 0);
INSERT INTO Lugar (sala,fila,numero,VIP) values (2,4,2, 0);
INSERT INTO Lugar (sala,fila,numero,VIP) values (2,4,3, 0);
INSERT INTO Lugar (sala,fila,numero,VIP) values (2,4,4, 0);
INSERT INTO Lugar (sala,fila,numero,VIP) values (2,4,5, 0);
INSERT INTO Lugar (sala,fila,numero,VIP) values (2,4,6, 0);
INSERT INTO Lugar (sala,fila,numero,VIP) values (2,4,7, 0);
INSERT INTO Lugar (sala,fila,numero,VIP) values (2,4,8, 0);
INSERT INTO Lugar (sala,fila,numero,VIP) values (2,4,9, 0);
INSERT INTO Lugar (sala,fila,numero,VIP) values (2,4,10, 0);
INSERT INTO Lugar (sala,fila,numero,VIP) values (2,4,11, 0);
INSERT INTO Lugar (sala,fila,numero,VIP) values (2,4,12, 0);
INSERT INTO Lugar (sala,fila,numero,VIP) values (2,4,13, 0);
INSERT INTO Lugar (sala,fila,numero,VIP) values (2,4,14, 0);
INSERT INTO Lugar (sala,fila,numero,VIP) values (2,4,15, 0);
INSERT INTO Lugar (sala,fila,numero,VIP) values (2,4,16, 0);
INSERT INTO Lugar (sala,fila,numero,VIP) values (2,4,17, 0);
INSERT INTO Lugar (sala,fila,numero,VIP) values (2,4,18, 0);
INSERT INTO Lugar (sala,fila,numero,VIP) values (2,4,19, 0);
INSERT INTO Lugar (sala,fila,numero,VIP) values (2,4,20, 0);
INSERT INTO Lugar (sala,fila,numero,VIP) values (2,5,1, 0);
INSERT INTO Lugar (sala,fila,numero,VIP) values (2,5,2, 0);
INSERT INTO Lugar (sala,fila,numero,VIP) values (2,5,3, 0);
INSERT INTO Lugar (sala,fila,numero,VIP) values (2,5,4, 0);
INSERT INTO Lugar (sala,fila,numero,VIP) values (2,5,5, 0);
INSERT INTO Lugar (sala,fila,numero,VIP) values (2,5,6, 0);
INSERT INTO Lugar (sala,fila,numero,VIP) values (2,5,7, 0);
INSERT INTO Lugar (sala,fila,numero,VIP) values (2,5,8, 0);
INSERT INTO Lugar (sala,fila,numero,VIP) values (2,5,9, 0);
INSERT INTO Lugar (sala,fila,numero,VIP) values (2,5,10, 0);
INSERT INTO Lugar (sala,fila,numero,VIP) values (2,5,11, 0);
INSERT INTO Lugar (sala,fila,numero,VIP) values (2,5,12, 0);
INSERT INTO Lugar (sala,fila,numero,VIP) values (2,5,13, 0);
INSERT INTO Lugar (sala,fila,numero,VIP) values (2,5,14, 0);
INSERT INTO Lugar (sala,fila,numero,VIP) values (2,5,15, 0);
INSERT INTO Lugar (sala,fila,numero,VIP) values (2,5,16, 0);
INSERT INTO Lugar (sala,fila,numero,VIP) values (2,5,17, 0);
INSERT INTO Lugar (sala,fila,numero,VIP) values (2,5,18, 0);
INSERT INTO Lugar (sala,fila,numero,VIP) values (2,5,19, 0);
INSERT INTO Lugar (sala,fila,numero,VIP) values (2,5,20, 0);
INSERT INTO Lugar (sala,fila,numero,VIP) values (2,6,1, 0);
INSERT INTO Lugar (sala,fila,numero,VIP) values (2,6,2, 0);
INSERT INTO Lugar (sala,fila,numero,VIP) values (2,6,3, 0);
INSERT INTO Lugar (sala,fila,numero,VIP) values (2,6,4, 0);
INSERT INTO Lugar (sala,fila,numero,VIP) values (2,6,5, 0);
INSERT INTO Lugar (sala,fila,numero,VIP) values (2,6,6, 0);
INSERT INTO Lugar (sala,fila,numero,VIP) values (2,6,7, 0);
INSERT INTO Lugar (sala,fila,numero,VIP) values (2,6,8, 0);
INSERT INTO Lugar (sala,fila,numero,VIP) values (2,6,9, 0);
INSERT INTO Lugar (sala,fila,numero,VIP) values (2,6,10, 0);
INSERT INTO Lugar (sala,fila,numero,VIP) values (2,6,11, 0);
INSERT INTO Lugar (sala,fila,numero,VIP) values (2,6,12, 0);
INSERT INTO Lugar (sala,fila,numero,VIP) values (2,6,13, 0);
INSERT INTO Lugar (sala,fila,numero,VIP) values (2,6,14, 0);
INSERT INTO Lugar (sala,fila,numero,VIP) values (2,6,15, 0);
INSERT INTO Lugar (sala,fila,numero,VIP) values (2,6,16, 0);
INSERT INTO Lugar (sala,fila,numero,VIP) values (2,6,17, 0);
INSERT INTO Lugar (sala,fila,numero,VIP) values (2,6,18, 0);
INSERT INTO Lugar (sala,fila,numero,VIP) values (2,6,19, 0);
INSERT INTO Lugar (sala,fila,numero,VIP) values (2,6,20, 0);
INSERT INTO Lugar (sala,fila,numero,VIP) values (2,7,1, 0);
INSERT INTO Lugar (sala,fila,numero,VIP) values (2,7,2, 0);
INSERT INTO Lugar (sala,fila,numero,VIP) values (2,7,3, 0);
INSERT INTO Lugar (sala,fila,numero,VIP) values (2,7,4, 0);
INSERT INTO Lugar (sala,fila,numero,VIP) values (2,7,5, 0);
INSERT INTO Lugar (sala,fila,numero,VIP) values (2,7,6, 0);
INSERT INTO Lugar (sala,fila,numero,VIP) values (2,7,7, 0);
INSERT INTO Lugar (sala,fila,numero,VIP) values (2,7,8, 0);
INSERT INTO Lugar (sala,fila,numero,VIP) values (2,7,9, 0);
INSERT INTO Lugar (sala,fila,numero,VIP) values (2,7,10, 0);
INSERT INTO Lugar (sala,fila,numero,VIP) values (2,7,11, 0);
INSERT INTO Lugar (sala,fila,numero,VIP) values (2,7,12, 0);
INSERT INTO Lugar (sala,fila,numero,VIP) values (2,7,13, 0);
INSERT INTO Lugar (sala,fila,numero,VIP) values (2,7,14, 0);
INSERT INTO Lugar (sala,fila,numero,VIP) values (2,7,15, 0);
INSERT INTO Lugar (sala,fila,numero,VIP) values (2,7,16, 0);
INSERT INTO Lugar (sala,fila,numero,VIP) values (2,7,17, 0);
INSERT INTO Lugar (sala,fila,numero,VIP) values (2,7,18, 0);
INSERT INTO Lugar (sala,fila,numero,VIP) values (2,7,19, 0);
INSERT INTO Lugar (sala,fila,numero,VIP) values (2,7,20, 0);
INSERT INTO Lugar (sala,fila,numero,VIP) values (2,8,1, 0);
INSERT INTO Lugar (sala,fila,numero,VIP) values (2,8,2, 0);
INSERT INTO Lugar (sala,fila,numero,VIP) values (2,8,3, 0);
INSERT INTO Lugar (sala,fila,numero,VIP) values (2,8,4, 0);
INSERT INTO Lugar (sala,fila,numero,VIP) values (2,8,5, 0);
INSERT INTO Lugar (sala,fila,numero,VIP) values (2,8,6, 0);
INSERT INTO Lugar (sala,fila,numero,VIP) values (2,8,7, 0);
INSERT INTO Lugar (sala,fila,numero,VIP) values (2,8,8, 0);
INSERT INTO Lugar (sala,fila,numero,VIP) values (2,8,9, 0);
INSERT INTO Lugar (sala,fila,numero,VIP) values (2,8,10, 0);
INSERT INTO Lugar (sala,fila,numero,VIP) values (2,8,11, 0);
INSERT INTO Lugar (sala,fila,numero,VIP) values (2,8,12, 0);
INSERT INTO Lugar (sala,fila,numero,VIP) values (2,8,13, 0);
INSERT INTO Lugar (sala,fila,numero,VIP) values (2,8,14, 0);
INSERT INTO Lugar (sala,fila,numero,VIP) values (2,8,15, 0);
INSERT INTO Lugar (sala,fila,numero,VIP) values (2,8,16, 0);
INSERT INTO Lugar (sala,fila,numero,VIP) values (2,8,17, 0);
INSERT INTO Lugar (sala,fila,numero,VIP) values (2,8,18, 0);
INSERT INTO Lugar (sala,fila,numero,VIP) values (2,8,19, 0);
INSERT INTO Lugar (sala,fila,numero,VIP) values (2,8,20, 0);
INSERT INTO Lugar (sala,fila,numero,VIP) values (2,9,1, 0);
INSERT INTO Lugar (sala,fila,numero,VIP) values (2,9,2, 0);
INSERT INTO Lugar (sala,fila,numero,VIP) values (2,9,3, 0);
INSERT INTO Lugar (sala,fila,numero,VIP) values (2,9,4, 0);
INSERT INTO Lugar (sala,fila,numero,VIP) values (2,9,5, 0);
INSERT INTO Lugar (sala,fila,numero,VIP) values (2,9,6, 0);
INSERT INTO Lugar (sala,fila,numero,VIP) values (2,9,7, 0);
INSERT INTO Lugar (sala,fila,numero,VIP) values (2,9,8, 0);
INSERT INTO Lugar (sala,fila,numero,VIP) values (2,9,9, 0);
INSERT INTO Lugar (sala,fila,numero,VIP) values (2,9,10, 0);
INSERT INTO Lugar (sala,fila,numero,VIP) values (2,9,11, 0);
INSERT INTO Lugar (sala,fila,numero,VIP) values (2,9,12, 0);
INSERT INTO Lugar (sala,fila,numero,VIP) values (2,9,13, 0);
INSERT INTO Lugar (sala,fila,numero,VIP) values (2,9,14, 0);
INSERT INTO Lugar (sala,fila,numero,VIP) values (2,9,15, 0);
INSERT INTO Lugar (sala,fila,numero,VIP) values (2,9,16, 0);
INSERT INTO Lugar (sala,fila,numero,VIP) values (2,9,17, 0);
INSERT INTO Lugar (sala,fila,numero,VIP) values (2,9,18, 0);
INSERT INTO Lugar (sala,fila,numero,VIP) values (2,9,19, 0);
INSERT INTO Lugar (sala,fila,numero,VIP) values (2,9,20, 0);
INSERT INTO Lugar (sala,fila,numero,VIP) values (2,10,1, 0);
INSERT INTO Lugar (sala,fila,numero,VIP) values (2,10,2, 0);
INSERT INTO Lugar (sala,fila,numero,VIP) values (2,10,3, 0);
INSERT INTO Lugar (sala,fila,numero,VIP) values (2,10,4, 0);
INSERT INTO Lugar (sala,fila,numero,VIP) values (2,10,5, 0);
INSERT INTO Lugar (sala,fila,numero,VIP) values (2,10,6, 0);
INSERT INTO Lugar (sala,fila,numero,VIP) values (2,10,7, 0);
INSERT INTO Lugar (sala,fila,numero,VIP) values (2,10,8, 0);
INSERT INTO Lugar (sala,fila,numero,VIP) values (2,10,9, 0);
INSERT INTO Lugar (sala,fila,numero,VIP) values (2,10,10, 0);
INSERT INTO Lugar (sala,fila,numero,VIP) values (2,10,11, 0);
INSERT INTO Lugar (sala,fila,numero,VIP) values (2,10,12, 0);
INSERT INTO Lugar (sala,fila,numero,VIP) values (2,10,13, 0);
INSERT INTO Lugar (sala,fila,numero,VIP) values (2,10,14, 0);
INSERT INTO Lugar (sala,fila,numero,VIP) values (2,10,15, 0);
INSERT INTO Lugar (sala,fila,numero,VIP) values (2,10,16, 0);
INSERT INTO Lugar (sala,fila,numero,VIP) values (2,10,17, 0);
INSERT INTO Lugar (sala,fila,numero,VIP) values (2,10,18, 0);
INSERT INTO Lugar (sala,fila,numero,VIP) values (2,10,19, 0);
INSERT INTO Lugar (sala,fila,numero,VIP) values (2,10,20, 0);


INSERT INTO Lugar (sala,fila,numero,VIP) values (3,1,1, 0);
INSERT INTO Lugar (sala,fila,numero,VIP) values (3,1,2, 0);
INSERT INTO Lugar (sala,fila,numero,VIP) values (3,1,3, 0);
INSERT INTO Lugar (sala,fila,numero,VIP) values (3,1,4, 0);
INSERT INTO Lugar (sala,fila,numero,VIP) values (3,1,5, 0);
INSERT INTO Lugar (sala,fila,numero,VIP) values (3,1,6, 0);
INSERT INTO Lugar (sala,fila,numero,VIP) values (3,1,7, 0);
INSERT INTO Lugar (sala,fila,numero,VIP) values (3,1,8, 0);
INSERT INTO Lugar (sala,fila,numero,VIP) values (3,1,9, 0);
INSERT INTO Lugar (sala,fila,numero,VIP) values (3,1,10, 0);
INSERT INTO Lugar (sala,fila,numero,VIP) values (3,1,11, 0);
INSERT INTO Lugar (sala,fila,numero,VIP) values (3,1,12, 0);
INSERT INTO Lugar (sala,fila,numero,VIP) values (3,1,13, 0);
INSERT INTO Lugar (sala,fila,numero,VIP) values (3,1,14, 0);
INSERT INTO Lugar (sala,fila,numero,VIP) values (3,1,15, 0);
INSERT INTO Lugar (sala,fila,numero,VIP) values (3,1,16, 0);
INSERT INTO Lugar (sala,fila,numero,VIP) values (3,1,17, 0);
INSERT INTO Lugar (sala,fila,numero,VIP) values (3,1,18, 0);
INSERT INTO Lugar (sala,fila,numero,VIP) values (3,1,19, 0);
INSERT INTO Lugar (sala,fila,numero,VIP) values (3,1,20, 0);
INSERT INTO Lugar (sala,fila,numero,VIP) values (3,2,1, 0);
INSERT INTO Lugar (sala,fila,numero,VIP) values (3,2,2, 0);
INSERT INTO Lugar (sala,fila,numero,VIP) values (3,2,3, 0);
INSERT INTO Lugar (sala,fila,numero,VIP) values (3,2,4, 0);
INSERT INTO Lugar (sala,fila,numero,VIP) values (3,2,5, 0);
INSERT INTO Lugar (sala,fila,numero,VIP) values (3,2,6, 0);
INSERT INTO Lugar (sala,fila,numero,VIP) values (3,2,7, 0);
INSERT INTO Lugar (sala,fila,numero,VIP) values (3,2,8, 0);
INSERT INTO Lugar (sala,fila,numero,VIP) values (3,2,9, 0);
INSERT INTO Lugar (sala,fila,numero,VIP) values (3,2,10, 0);
INSERT INTO Lugar (sala,fila,numero,VIP) values (3,2,11, 0);
INSERT INTO Lugar (sala,fila,numero,VIP) values (3,2,12, 0);
INSERT INTO Lugar (sala,fila,numero,VIP) values (3,2,13, 0);
INSERT INTO Lugar (sala,fila,numero,VIP) values (3,2,14, 0);
INSERT INTO Lugar (sala,fila,numero,VIP) values (3,2,15, 0);
INSERT INTO Lugar (sala,fila,numero,VIP) values (3,2,16, 0);
INSERT INTO Lugar (sala,fila,numero,VIP) values (3,2,17, 0);
INSERT INTO Lugar (sala,fila,numero,VIP) values (3,2,18, 0);
INSERT INTO Lugar (sala,fila,numero,VIP) values (3,2,19, 0);
INSERT INTO Lugar (sala,fila,numero,VIP) values (3,2,20, 0);
INSERT INTO Lugar (sala,fila,numero,VIP) values (3,3,1, 0);
INSERT INTO Lugar (sala,fila,numero,VIP) values (3,3,2, 0);
INSERT INTO Lugar (sala,fila,numero,VIP) values (3,3,3, 0);
INSERT INTO Lugar (sala,fila,numero,VIP) values (3,3,4, 0);
INSERT INTO Lugar (sala,fila,numero,VIP) values (3,3,5, 0);
INSERT INTO Lugar (sala,fila,numero,VIP) values (3,3,6, 0);
INSERT INTO Lugar (sala,fila,numero,VIP) values (3,3,7, 0);
INSERT INTO Lugar (sala,fila,numero,VIP) values (3,3,8, 0);
INSERT INTO Lugar (sala,fila,numero,VIP) values (3,3,9, 0);
INSERT INTO Lugar (sala,fila,numero,VIP) values (3,3,10, 0);
INSERT INTO Lugar (sala,fila,numero,VIP) values (3,3,11, 0);
INSERT INTO Lugar (sala,fila,numero,VIP) values (3,3,12, 0);
INSERT INTO Lugar (sala,fila,numero,VIP) values (3,3,13, 0);
INSERT INTO Lugar (sala,fila,numero,VIP) values (3,3,14, 0);
INSERT INTO Lugar (sala,fila,numero,VIP) values (3,3,15, 0);
INSERT INTO Lugar (sala,fila,numero,VIP) values (3,3,16, 0);
INSERT INTO Lugar (sala,fila,numero,VIP) values (3,3,17, 0);
INSERT INTO Lugar (sala,fila,numero,VIP) values (3,3,18, 0);
INSERT INTO Lugar (sala,fila,numero,VIP) values (3,3,19, 0);
INSERT INTO Lugar (sala,fila,numero,VIP) values (3,3,20, 0);
INSERT INTO Lugar (sala,fila,numero,VIP) values (3,4,1, 0);
INSERT INTO Lugar (sala,fila,numero,VIP) values (3,4,2, 0);
INSERT INTO Lugar (sala,fila,numero,VIP) values (3,4,3, 0);
INSERT INTO Lugar (sala,fila,numero,VIP) values (3,4,4, 0);
INSERT INTO Lugar (sala,fila,numero,VIP) values (3,4,5, 0);
INSERT INTO Lugar (sala,fila,numero,VIP) values (3,4,6, 0);
INSERT INTO Lugar (sala,fila,numero,VIP) values (3,4,7, 0);
INSERT INTO Lugar (sala,fila,numero,VIP) values (3,4,8, 0);
INSERT INTO Lugar (sala,fila,numero,VIP) values (3,4,9, 0);
INSERT INTO Lugar (sala,fila,numero,VIP) values (3,4,10, 0);
INSERT INTO Lugar (sala,fila,numero,VIP) values (3,4,11, 0);
INSERT INTO Lugar (sala,fila,numero,VIP) values (3,4,12, 0);
INSERT INTO Lugar (sala,fila,numero,VIP) values (3,4,13, 0);
INSERT INTO Lugar (sala,fila,numero,VIP) values (3,4,14, 0);
INSERT INTO Lugar (sala,fila,numero,VIP) values (3,4,15, 0);
INSERT INTO Lugar (sala,fila,numero,VIP) values (3,4,16, 0);
INSERT INTO Lugar (sala,fila,numero,VIP) values (3,4,17, 0);
INSERT INTO Lugar (sala,fila,numero,VIP) values (3,4,18, 0);
INSERT INTO Lugar (sala,fila,numero,VIP) values (3,4,19, 0);
INSERT INTO Lugar (sala,fila,numero,VIP) values (3,4,20, 0);
INSERT INTO Lugar (sala,fila,numero,VIP) values (3,5,1, 0);
INSERT INTO Lugar (sala,fila,numero,VIP) values (3,5,2, 0);
INSERT INTO Lugar (sala,fila,numero,VIP) values (3,5,3, 0);
INSERT INTO Lugar (sala,fila,numero,VIP) values (3,5,4, 0);
INSERT INTO Lugar (sala,fila,numero,VIP) values (3,5,5, 0);
INSERT INTO Lugar (sala,fila,numero,VIP) values (3,5,6, 0);
INSERT INTO Lugar (sala,fila,numero,VIP) values (3,5,7, 0);
INSERT INTO Lugar (sala,fila,numero,VIP) values (3,5,8, 0);
INSERT INTO Lugar (sala,fila,numero,VIP) values (3,5,9, 0);
INSERT INTO Lugar (sala,fila,numero,VIP) values (3,5,10, 0);
INSERT INTO Lugar (sala,fila,numero,VIP) values (3,5,11, 0);
INSERT INTO Lugar (sala,fila,numero,VIP) values (3,5,12, 0);
INSERT INTO Lugar (sala,fila,numero,VIP) values (3,5,13, 0);
INSERT INTO Lugar (sala,fila,numero,VIP) values (3,5,14, 0);
INSERT INTO Lugar (sala,fila,numero,VIP) values (3,5,15, 0);
INSERT INTO Lugar (sala,fila,numero,VIP) values (3,5,16, 0);
INSERT INTO Lugar (sala,fila,numero,VIP) values (3,5,17, 0);
INSERT INTO Lugar (sala,fila,numero,VIP) values (3,5,18, 0);
INSERT INTO Lugar (sala,fila,numero,VIP) values (3,5,19, 0);
INSERT INTO Lugar (sala,fila,numero,VIP) values (3,5,20, 0);
INSERT INTO Lugar (sala,fila,numero,VIP) values (3,6,1, 0);
INSERT INTO Lugar (sala,fila,numero,VIP) values (3,6,2, 0);
INSERT INTO Lugar (sala,fila,numero,VIP) values (3,6,3, 0);
INSERT INTO Lugar (sala,fila,numero,VIP) values (3,6,4, 0);
INSERT INTO Lugar (sala,fila,numero,VIP) values (3,6,5, 0);
INSERT INTO Lugar (sala,fila,numero,VIP) values (3,6,6, 0);
INSERT INTO Lugar (sala,fila,numero,VIP) values (3,6,7, 0);
INSERT INTO Lugar (sala,fila,numero,VIP) values (3,6,8, 0);
INSERT INTO Lugar (sala,fila,numero,VIP) values (3,6,9, 0);
INSERT INTO Lugar (sala,fila,numero,VIP) values (3,6,10, 0);
INSERT INTO Lugar (sala,fila,numero,VIP) values (3,6,11, 0);
INSERT INTO Lugar (sala,fila,numero,VIP) values (3,6,12, 0);
INSERT INTO Lugar (sala,fila,numero,VIP) values (3,6,13, 0);
INSERT INTO Lugar (sala,fila,numero,VIP) values (3,6,14, 0);
INSERT INTO Lugar (sala,fila,numero,VIP) values (3,6,15, 0);
INSERT INTO Lugar (sala,fila,numero,VIP) values (3,6,16, 0);
INSERT INTO Lugar (sala,fila,numero,VIP) values (3,6,17, 0);
INSERT INTO Lugar (sala,fila,numero,VIP) values (3,6,18, 0);
INSERT INTO Lugar (sala,fila,numero,VIP) values (3,6,19, 0);
INSERT INTO Lugar (sala,fila,numero,VIP) values (3,6,20, 0);
INSERT INTO Lugar (sala,fila,numero,VIP) values (3,7,1, 0);
INSERT INTO Lugar (sala,fila,numero,VIP) values (3,7,2, 0);
INSERT INTO Lugar (sala,fila,numero,VIP) values (3,7,3, 0);
INSERT INTO Lugar (sala,fila,numero,VIP) values (3,7,4, 0);
INSERT INTO Lugar (sala,fila,numero,VIP) values (3,7,5, 0);
INSERT INTO Lugar (sala,fila,numero,VIP) values (3,7,6, 0);
INSERT INTO Lugar (sala,fila,numero,VIP) values (3,7,7, 0);
INSERT INTO Lugar (sala,fila,numero,VIP) values (3,7,8, 0);
INSERT INTO Lugar (sala,fila,numero,VIP) values (3,7,9, 0);
INSERT INTO Lugar (sala,fila,numero,VIP) values (3,7,10, 0);
INSERT INTO Lugar (sala,fila,numero,VIP) values (3,7,11, 0);
INSERT INTO Lugar (sala,fila,numero,VIP) values (3,7,12, 0);
INSERT INTO Lugar (sala,fila,numero,VIP) values (3,7,13, 0);
INSERT INTO Lugar (sala,fila,numero,VIP) values (3,7,14, 0);
INSERT INTO Lugar (sala,fila,numero,VIP) values (3,7,15, 0);
INSERT INTO Lugar (sala,fila,numero,VIP) values (3,7,16, 0);
INSERT INTO Lugar (sala,fila,numero,VIP) values (3,7,17, 0);
INSERT INTO Lugar (sala,fila,numero,VIP) values (3,7,18, 0);
INSERT INTO Lugar (sala,fila,numero,VIP) values (3,7,19, 0);
INSERT INTO Lugar (sala,fila,numero,VIP) values (3,7,20, 0);
INSERT INTO Lugar (sala,fila,numero,VIP) values (3,8,1, 0);
INSERT INTO Lugar (sala,fila,numero,VIP) values (3,8,2, 0);
INSERT INTO Lugar (sala,fila,numero,VIP) values (3,8,3, 0);
INSERT INTO Lugar (sala,fila,numero,VIP) values (3,8,4, 0);
INSERT INTO Lugar (sala,fila,numero,VIP) values (3,8,5, 0);
INSERT INTO Lugar (sala,fila,numero,VIP) values (3,8,6, 0);
INSERT INTO Lugar (sala,fila,numero,VIP) values (3,8,7, 0);
INSERT INTO Lugar (sala,fila,numero,VIP) values (3,8,8, 0);
INSERT INTO Lugar (sala,fila,numero,VIP) values (3,8,9, 0);
INSERT INTO Lugar (sala,fila,numero,VIP) values (3,8,10, 0);
INSERT INTO Lugar (sala,fila,numero,VIP) values (3,8,11, 0);
INSERT INTO Lugar (sala,fila,numero,VIP) values (3,8,12, 0);
INSERT INTO Lugar (sala,fila,numero,VIP) values (3,8,13, 0);
INSERT INTO Lugar (sala,fila,numero,VIP) values (3,8,14, 0);
INSERT INTO Lugar (sala,fila,numero,VIP) values (3,8,15, 0);
INSERT INTO Lugar (sala,fila,numero,VIP) values (3,8,16, 0);
INSERT INTO Lugar (sala,fila,numero,VIP) values (3,8,17, 0);
INSERT INTO Lugar (sala,fila,numero,VIP) values (3,8,18, 0);
INSERT INTO Lugar (sala,fila,numero,VIP) values (3,8,19, 0);
INSERT INTO Lugar (sala,fila,numero,VIP) values (3,8,20, 0);
INSERT INTO Lugar (sala,fila,numero,VIP) values (3,9,1, 0);
INSERT INTO Lugar (sala,fila,numero,VIP) values (3,9,2, 0);
INSERT INTO Lugar (sala,fila,numero,VIP) values (3,9,3, 0);
INSERT INTO Lugar (sala,fila,numero,VIP) values (3,9,4, 0);
INSERT INTO Lugar (sala,fila,numero,VIP) values (3,9,5, 0);
INSERT INTO Lugar (sala,fila,numero,VIP) values (3,9,6, 0);
INSERT INTO Lugar (sala,fila,numero,VIP) values (3,9,7, 0);
INSERT INTO Lugar (sala,fila,numero,VIP) values (3,9,8, 0);
INSERT INTO Lugar (sala,fila,numero,VIP) values (3,9,9, 0);
INSERT INTO Lugar (sala,fila,numero,VIP) values (3,9,10, 0);
INSERT INTO Lugar (sala,fila,numero,VIP) values (3,9,11, 0);
INSERT INTO Lugar (sala,fila,numero,VIP) values (3,9,12, 0);
INSERT INTO Lugar (sala,fila,numero,VIP) values (3,9,13, 0);
INSERT INTO Lugar (sala,fila,numero,VIP) values (3,9,14, 0);
INSERT INTO Lugar (sala,fila,numero,VIP) values (3,9,15, 0);
INSERT INTO Lugar (sala,fila,numero,VIP) values (3,9,16, 0);
INSERT INTO Lugar (sala,fila,numero,VIP) values (3,9,17, 0);
INSERT INTO Lugar (sala,fila,numero,VIP) values (3,9,18, 0);
INSERT INTO Lugar (sala,fila,numero,VIP) values (3,9,19, 0);
INSERT INTO Lugar (sala,fila,numero,VIP) values (3,9,20, 0);
INSERT INTO Lugar (sala,fila,numero,VIP) values (3,10,1, 0);
INSERT INTO Lugar (sala,fila,numero,VIP) values (3,10,2, 0);
INSERT INTO Lugar (sala,fila,numero,VIP) values (3,10,3, 0);
INSERT INTO Lugar (sala,fila,numero,VIP) values (3,10,4, 0);
INSERT INTO Lugar (sala,fila,numero,VIP) values (3,10,5, 0);
INSERT INTO Lugar (sala,fila,numero,VIP) values (3,10,6, 0);
INSERT INTO Lugar (sala,fila,numero,VIP) values (3,10,7, 0);
INSERT INTO Lugar (sala,fila,numero,VIP) values (3,10,8, 0);
INSERT INTO Lugar (sala,fila,numero,VIP) values (3,10,9, 0);
INSERT INTO Lugar (sala,fila,numero,VIP) values (3,10,10, 0);
INSERT INTO Lugar (sala,fila,numero,VIP) values (3,10,11, 0);
INSERT INTO Lugar (sala,fila,numero,VIP) values (3,10,12, 0);
INSERT INTO Lugar (sala,fila,numero,VIP) values (3,10,13, 0);
INSERT INTO Lugar (sala,fila,numero,VIP) values (3,10,14, 0);
INSERT INTO Lugar (sala,fila,numero,VIP) values (3,10,15, 0);
INSERT INTO Lugar (sala,fila,numero,VIP) values (3,10,16, 0);
INSERT INTO Lugar (sala,fila,numero,VIP) values (3,10,17, 0);
INSERT INTO Lugar (sala,fila,numero,VIP) values (3,10,18, 0);
INSERT INTO Lugar (sala,fila,numero,VIP) values (3,10,19, 0);
INSERT INTO Lugar (sala,fila,numero,VIP) values (3,10,20, 0);

INSERT INTO Lugar (sala,fila,numero,VIP) values (4,1,1, 0);
INSERT INTO Lugar (sala,fila,numero,VIP) values (4,1,2, 0);
INSERT INTO Lugar (sala,fila,numero,VIP) values (4,1,3, 0);
INSERT INTO Lugar (sala,fila,numero,VIP) values (4,1,4, 0);
INSERT INTO Lugar (sala,fila,numero,VIP) values (4,1,5, 0);
INSERT INTO Lugar (sala,fila,numero,VIP) values (4,1,6, 0);
INSERT INTO Lugar (sala,fila,numero,VIP) values (4,1,7, 0);
INSERT INTO Lugar (sala,fila,numero,VIP) values (4,1,8, 0);
INSERT INTO Lugar (sala,fila,numero,VIP) values (4,1,9, 0);
INSERT INTO Lugar (sala,fila,numero,VIP) values (4,1,10, 0);
INSERT INTO Lugar (sala,fila,numero,VIP) values (4,1,11, 0);
INSERT INTO Lugar (sala,fila,numero,VIP) values (4,1,12, 0);
INSERT INTO Lugar (sala,fila,numero,VIP) values (4,1,13, 0);
INSERT INTO Lugar (sala,fila,numero,VIP) values (4,1,14, 0);
INSERT INTO Lugar (sala,fila,numero,VIP) values (4,1,15, 0);
INSERT INTO Lugar (sala,fila,numero,VIP) values (4,1,16, 0);
INSERT INTO Lugar (sala,fila,numero,VIP) values (4,1,17, 0);
INSERT INTO Lugar (sala,fila,numero,VIP) values (4,1,18, 0);
INSERT INTO Lugar (sala,fila,numero,VIP) values (4,1,19, 0);
INSERT INTO Lugar (sala,fila,numero,VIP) values (4,1,20, 0);
INSERT INTO Lugar (sala,fila,numero,VIP) values (4,2,1, 0);
INSERT INTO Lugar (sala,fila,numero,VIP) values (4,2,2, 0);
INSERT INTO Lugar (sala,fila,numero,VIP) values (4,2,3, 0);
INSERT INTO Lugar (sala,fila,numero,VIP) values (4,2,4, 0);
INSERT INTO Lugar (sala,fila,numero,VIP) values (4,2,5, 0);
INSERT INTO Lugar (sala,fila,numero,VIP) values (4,2,6, 0);
INSERT INTO Lugar (sala,fila,numero,VIP) values (4,2,7, 0);
INSERT INTO Lugar (sala,fila,numero,VIP) values (4,2,8, 0);
INSERT INTO Lugar (sala,fila,numero,VIP) values (4,2,9, 0);
INSERT INTO Lugar (sala,fila,numero,VIP) values (4,2,10, 0);
INSERT INTO Lugar (sala,fila,numero,VIP) values (4,2,11, 0);
INSERT INTO Lugar (sala,fila,numero,VIP) values (4,2,12, 0);
INSERT INTO Lugar (sala,fila,numero,VIP) values (4,2,13, 0);
INSERT INTO Lugar (sala,fila,numero,VIP) values (4,2,14, 0);
INSERT INTO Lugar (sala,fila,numero,VIP) values (4,2,15, 0);
INSERT INTO Lugar (sala,fila,numero,VIP) values (4,2,16, 0);
INSERT INTO Lugar (sala,fila,numero,VIP) values (4,2,17, 0);
INSERT INTO Lugar (sala,fila,numero,VIP) values (4,2,18, 0);
INSERT INTO Lugar (sala,fila,numero,VIP) values (4,2,19, 0);
INSERT INTO Lugar (sala,fila,numero,VIP) values (4,2,20, 0);
INSERT INTO Lugar (sala,fila,numero,VIP) values (4,3,1, 0);
INSERT INTO Lugar (sala,fila,numero,VIP) values (4,3,2, 0);
INSERT INTO Lugar (sala,fila,numero,VIP) values (4,3,3, 0);
INSERT INTO Lugar (sala,fila,numero,VIP) values (4,3,4, 0);
INSERT INTO Lugar (sala,fila,numero,VIP) values (4,3,5, 0);
INSERT INTO Lugar (sala,fila,numero,VIP) values (4,3,6, 0);
INSERT INTO Lugar (sala,fila,numero,VIP) values (4,3,7, 0);
INSERT INTO Lugar (sala,fila,numero,VIP) values (4,3,8, 0);
INSERT INTO Lugar (sala,fila,numero,VIP) values (4,3,9, 0);
INSERT INTO Lugar (sala,fila,numero,VIP) values (4,3,10, 0);
INSERT INTO Lugar (sala,fila,numero,VIP) values (4,3,11, 0);
INSERT INTO Lugar (sala,fila,numero,VIP) values (4,3,12, 0);
INSERT INTO Lugar (sala,fila,numero,VIP) values (4,3,13, 0);
INSERT INTO Lugar (sala,fila,numero,VIP) values (4,3,14, 0);
INSERT INTO Lugar (sala,fila,numero,VIP) values (4,3,15, 0);
INSERT INTO Lugar (sala,fila,numero,VIP) values (4,3,16, 0);
INSERT INTO Lugar (sala,fila,numero,VIP) values (4,3,17, 0);
INSERT INTO Lugar (sala,fila,numero,VIP) values (4,3,18, 0);
INSERT INTO Lugar (sala,fila,numero,VIP) values (4,3,19, 0);
INSERT INTO Lugar (sala,fila,numero,VIP) values (4,3,20, 0);
INSERT INTO Lugar (sala,fila,numero,VIP) values (4,4,1, 0);
INSERT INTO Lugar (sala,fila,numero,VIP) values (4,4,2, 0);
INSERT INTO Lugar (sala,fila,numero,VIP) values (4,4,3, 0);
INSERT INTO Lugar (sala,fila,numero,VIP) values (4,4,4, 0);
INSERT INTO Lugar (sala,fila,numero,VIP) values (4,4,5, 0);
INSERT INTO Lugar (sala,fila,numero,VIP) values (4,4,6, 0);
INSERT INTO Lugar (sala,fila,numero,VIP) values (4,4,7, 0);
INSERT INTO Lugar (sala,fila,numero,VIP) values (4,4,8, 0);
INSERT INTO Lugar (sala,fila,numero,VIP) values (4,4,9, 0);
INSERT INTO Lugar (sala,fila,numero,VIP) values (4,4,10, 0);
INSERT INTO Lugar (sala,fila,numero,VIP) values (4,4,11, 0);
INSERT INTO Lugar (sala,fila,numero,VIP) values (4,4,12, 0);
INSERT INTO Lugar (sala,fila,numero,VIP) values (4,4,13, 0);
INSERT INTO Lugar (sala,fila,numero,VIP) values (4,4,14, 0);
INSERT INTO Lugar (sala,fila,numero,VIP) values (4,4,15, 0);
INSERT INTO Lugar (sala,fila,numero,VIP) values (4,4,16, 0);
INSERT INTO Lugar (sala,fila,numero,VIP) values (4,4,17, 0);
INSERT INTO Lugar (sala,fila,numero,VIP) values (4,4,18, 0);
INSERT INTO Lugar (sala,fila,numero,VIP) values (4,4,19, 0);
INSERT INTO Lugar (sala,fila,numero,VIP) values (4,4,20, 0);
INSERT INTO Lugar (sala,fila,numero,VIP) values (4,5,1, 0);
INSERT INTO Lugar (sala,fila,numero,VIP) values (4,5,2, 0);
INSERT INTO Lugar (sala,fila,numero,VIP) values (4,5,3, 0);
INSERT INTO Lugar (sala,fila,numero,VIP) values (4,5,4, 0);
INSERT INTO Lugar (sala,fila,numero,VIP) values (4,5,5, 0);
INSERT INTO Lugar (sala,fila,numero,VIP) values (4,5,6, 0);
INSERT INTO Lugar (sala,fila,numero,VIP) values (4,5,7, 0);
INSERT INTO Lugar (sala,fila,numero,VIP) values (4,5,8, 0);
INSERT INTO Lugar (sala,fila,numero,VIP) values (4,5,9, 0);
INSERT INTO Lugar (sala,fila,numero,VIP) values (4,5,10, 0);
INSERT INTO Lugar (sala,fila,numero,VIP) values (4,5,11, 0);
INSERT INTO Lugar (sala,fila,numero,VIP) values (4,5,12, 0);
INSERT INTO Lugar (sala,fila,numero,VIP) values (4,5,13, 0);
INSERT INTO Lugar (sala,fila,numero,VIP) values (4,5,14, 0);
INSERT INTO Lugar (sala,fila,numero,VIP) values (4,5,15, 0);
INSERT INTO Lugar (sala,fila,numero,VIP) values (4,5,16, 0);
INSERT INTO Lugar (sala,fila,numero,VIP) values (4,5,17, 0);
INSERT INTO Lugar (sala,fila,numero,VIP) values (4,5,18, 0);
INSERT INTO Lugar (sala,fila,numero,VIP) values (4,5,19, 0);
INSERT INTO Lugar (sala,fila,numero,VIP) values (4,5,20, 0);
INSERT INTO Lugar (sala,fila,numero,VIP) values (4,6,1, 0);
INSERT INTO Lugar (sala,fila,numero,VIP) values (4,6,2, 0);
INSERT INTO Lugar (sala,fila,numero,VIP) values (4,6,3, 0);
INSERT INTO Lugar (sala,fila,numero,VIP) values (4,6,4, 0);
INSERT INTO Lugar (sala,fila,numero,VIP) values (4,6,5, 0);
INSERT INTO Lugar (sala,fila,numero,VIP) values (4,6,6, 0);
INSERT INTO Lugar (sala,fila,numero,VIP) values (4,6,7, 0);
INSERT INTO Lugar (sala,fila,numero,VIP) values (4,6,8, 0);
INSERT INTO Lugar (sala,fila,numero,VIP) values (4,6,9, 0);
INSERT INTO Lugar (sala,fila,numero,VIP) values (4,6,10, 0);
INSERT INTO Lugar (sala,fila,numero,VIP) values (4,6,11, 0);
INSERT INTO Lugar (sala,fila,numero,VIP) values (4,6,12, 0);
INSERT INTO Lugar (sala,fila,numero,VIP) values (4,6,13, 0);
INSERT INTO Lugar (sala,fila,numero,VIP) values (4,6,14, 0);
INSERT INTO Lugar (sala,fila,numero,VIP) values (4,6,15, 0);
INSERT INTO Lugar (sala,fila,numero,VIP) values (4,6,16, 0);
INSERT INTO Lugar (sala,fila,numero,VIP) values (4,6,17, 0);
INSERT INTO Lugar (sala,fila,numero,VIP) values (4,6,18, 0);
INSERT INTO Lugar (sala,fila,numero,VIP) values (4,6,19, 0);
INSERT INTO Lugar (sala,fila,numero,VIP) values (4,6,20, 0);
INSERT INTO Lugar (sala,fila,numero,VIP) values (4,7,1, 0);
INSERT INTO Lugar (sala,fila,numero,VIP) values (4,7,2, 0);
INSERT INTO Lugar (sala,fila,numero,VIP) values (4,7,3, 0);
INSERT INTO Lugar (sala,fila,numero,VIP) values (4,7,4, 0);
INSERT INTO Lugar (sala,fila,numero,VIP) values (4,7,5, 0);
INSERT INTO Lugar (sala,fila,numero,VIP) values (4,7,6, 0);
INSERT INTO Lugar (sala,fila,numero,VIP) values (4,7,7, 0);
INSERT INTO Lugar (sala,fila,numero,VIP) values (4,7,8, 0);
INSERT INTO Lugar (sala,fila,numero,VIP) values (4,7,9, 0);
INSERT INTO Lugar (sala,fila,numero,VIP) values (4,7,10, 0);
INSERT INTO Lugar (sala,fila,numero,VIP) values (4,7,11, 0);
INSERT INTO Lugar (sala,fila,numero,VIP) values (4,7,12, 0);
INSERT INTO Lugar (sala,fila,numero,VIP) values (4,7,13, 0);
INSERT INTO Lugar (sala,fila,numero,VIP) values (4,7,14, 0);
INSERT INTO Lugar (sala,fila,numero,VIP) values (4,7,15, 0);
INSERT INTO Lugar (sala,fila,numero,VIP) values (4,7,16, 0);
INSERT INTO Lugar (sala,fila,numero,VIP) values (4,7,17, 0);
INSERT INTO Lugar (sala,fila,numero,VIP) values (4,7,18, 0);
INSERT INTO Lugar (sala,fila,numero,VIP) values (4,7,19, 0);
INSERT INTO Lugar (sala,fila,numero,VIP) values (4,7,20, 0);
INSERT INTO Lugar (sala,fila,numero,VIP) values (4,8,1, 0);
INSERT INTO Lugar (sala,fila,numero,VIP) values (4,8,2, 0);
INSERT INTO Lugar (sala,fila,numero,VIP) values (4,8,3, 0);
INSERT INTO Lugar (sala,fila,numero,VIP) values (4,8,4, 0);
INSERT INTO Lugar (sala,fila,numero,VIP) values (4,8,5, 0);
INSERT INTO Lugar (sala,fila,numero,VIP) values (4,8,6, 0);
INSERT INTO Lugar (sala,fila,numero,VIP) values (4,8,7, 0);
INSERT INTO Lugar (sala,fila,numero,VIP) values (4,8,8, 0);
INSERT INTO Lugar (sala,fila,numero,VIP) values (4,8,9, 0);
INSERT INTO Lugar (sala,fila,numero,VIP) values (4,8,10, 0);
INSERT INTO Lugar (sala,fila,numero,VIP) values (4,8,11, 0);
INSERT INTO Lugar (sala,fila,numero,VIP) values (4,8,12, 0);
INSERT INTO Lugar (sala,fila,numero,VIP) values (4,8,13, 0);
INSERT INTO Lugar (sala,fila,numero,VIP) values (4,8,14, 0);
INSERT INTO Lugar (sala,fila,numero,VIP) values (4,8,15, 0);
INSERT INTO Lugar (sala,fila,numero,VIP) values (4,8,16, 0);
INSERT INTO Lugar (sala,fila,numero,VIP) values (4,8,17, 0);
INSERT INTO Lugar (sala,fila,numero,VIP) values (4,8,18, 0);
INSERT INTO Lugar (sala,fila,numero,VIP) values (4,8,19, 0);
INSERT INTO Lugar (sala,fila,numero,VIP) values (4,8,20, 0);
INSERT INTO Lugar (sala,fila,numero,VIP) values (4,9,1, 0);
INSERT INTO Lugar (sala,fila,numero,VIP) values (4,9,2, 0);
INSERT INTO Lugar (sala,fila,numero,VIP) values (4,9,3, 0);
INSERT INTO Lugar (sala,fila,numero,VIP) values (4,9,4, 0);
INSERT INTO Lugar (sala,fila,numero,VIP) values (4,9,5, 0);
INSERT INTO Lugar (sala,fila,numero,VIP) values (4,9,6, 0);
INSERT INTO Lugar (sala,fila,numero,VIP) values (4,9,7, 0);
INSERT INTO Lugar (sala,fila,numero,VIP) values (4,9,8, 0);
INSERT INTO Lugar (sala,fila,numero,VIP) values (4,9,9, 0);
INSERT INTO Lugar (sala,fila,numero,VIP) values (4,9,10, 0);
INSERT INTO Lugar (sala,fila,numero,VIP) values (4,9,11, 0);
INSERT INTO Lugar (sala,fila,numero,VIP) values (4,9,12, 0);
INSERT INTO Lugar (sala,fila,numero,VIP) values (4,9,13, 0);
INSERT INTO Lugar (sala,fila,numero,VIP) values (4,9,14, 0);
INSERT INTO Lugar (sala,fila,numero,VIP) values (4,9,15, 0);
INSERT INTO Lugar (sala,fila,numero,VIP) values (4,9,16, 0);
INSERT INTO Lugar (sala,fila,numero,VIP) values (4,9,17, 0);
INSERT INTO Lugar (sala,fila,numero,VIP) values (4,9,18, 0);
INSERT INTO Lugar (sala,fila,numero,VIP) values (4,9,19, 0);
INSERT INTO Lugar (sala,fila,numero,VIP) values (4,9,20, 0);
INSERT INTO Lugar (sala,fila,numero,VIP) values (4,10,1, 0);
INSERT INTO Lugar (sala,fila,numero,VIP) values (4,10,2, 0);
INSERT INTO Lugar (sala,fila,numero,VIP) values (4,10,3, 0);
INSERT INTO Lugar (sala,fila,numero,VIP) values (4,10,4, 0);
INSERT INTO Lugar (sala,fila,numero,VIP) values (4,10,5, 0);
INSERT INTO Lugar (sala,fila,numero,VIP) values (4,10,6, 0);
INSERT INTO Lugar (sala,fila,numero,VIP) values (4,10,7, 0);
INSERT INTO Lugar (sala,fila,numero,VIP) values (4,10,8, 0);
INSERT INTO Lugar (sala,fila,numero,VIP) values (4,10,9, 0);
INSERT INTO Lugar (sala,fila,numero,VIP) values (4,10,10, 0);
INSERT INTO Lugar (sala,fila,numero,VIP) values (4,10,11, 0);
INSERT INTO Lugar (sala,fila,numero,VIP) values (4,10,12, 0);
INSERT INTO Lugar (sala,fila,numero,VIP) values (4,10,13, 0);
INSERT INTO Lugar (sala,fila,numero,VIP) values (4,10,14, 0);
INSERT INTO Lugar (sala,fila,numero,VIP) values (4,10,15, 0);
INSERT INTO Lugar (sala,fila,numero,VIP) values (4,10,16, 0);
INSERT INTO Lugar (sala,fila,numero,VIP) values (4,10,17, 0);
INSERT INTO Lugar (sala,fila,numero,VIP) values (4,10,18, 0);
INSERT INTO Lugar (sala,fila,numero,VIP) values (4,10,19, 0);
INSERT INTO Lugar (sala,fila,numero,VIP) values (4,10,20, 0);
INSERT INTO Lugar (sala,fila,numero,VIP) values (4,11,1, 0);
INSERT INTO Lugar (sala,fila,numero,VIP) values (4,11,2, 0);
INSERT INTO Lugar (sala,fila,numero,VIP) values (4,11,3, 0);
INSERT INTO Lugar (sala,fila,numero,VIP) values (4,11,4, 0);
INSERT INTO Lugar (sala,fila,numero,VIP) values (4,11,5, 0);
INSERT INTO Lugar (sala,fila,numero,VIP) values (4,11,6, 0);
INSERT INTO Lugar (sala,fila,numero,VIP) values (4,11,7, 0);
INSERT INTO Lugar (sala,fila,numero,VIP) values (4,11,8, 0);
INSERT INTO Lugar (sala,fila,numero,VIP) values (4,11,9, 0);
INSERT INTO Lugar (sala,fila,numero,VIP) values (4,11,10, 0);
INSERT INTO Lugar (sala,fila,numero,VIP) values (4,11,11, 0);
INSERT INTO Lugar (sala,fila,numero,VIP) values (4,11,12, 0);
INSERT INTO Lugar (sala,fila,numero,VIP) values (4,11,13, 0);
INSERT INTO Lugar (sala,fila,numero,VIP) values (4,11,14, 0);
INSERT INTO Lugar (sala,fila,numero,VIP) values (4,11,15, 0);
INSERT INTO Lugar (sala,fila,numero,VIP) values (4,11,16, 0);
INSERT INTO Lugar (sala,fila,numero,VIP) values (4,11,17, 0);
INSERT INTO Lugar (sala,fila,numero,VIP) values (4,11,18, 0);
INSERT INTO Lugar (sala,fila,numero,VIP) values (4,11,19, 0);
INSERT INTO Lugar (sala,fila,numero,VIP) values (4,11,20, 0);
INSERT INTO Lugar (sala,fila,numero,VIP) values (4,12,1, 0);
INSERT INTO Lugar (sala,fila,numero,VIP) values (4,12,2, 0);
INSERT INTO Lugar (sala,fila,numero,VIP) values (4,12,3, 0);
INSERT INTO Lugar (sala,fila,numero,VIP) values (4,12,4, 0);
INSERT INTO Lugar (sala,fila,numero,VIP) values (4,12,5, 0);
INSERT INTO Lugar (sala,fila,numero,VIP) values (4,12,6, 0);
INSERT INTO Lugar (sala,fila,numero,VIP) values (4,12,7, 0);
INSERT INTO Lugar (sala,fila,numero,VIP) values (4,12,8, 0);
INSERT INTO Lugar (sala,fila,numero,VIP) values (4,12,9, 0);
INSERT INTO Lugar (sala,fila,numero,VIP) values (4,12,10, 0);
INSERT INTO Lugar (sala,fila,numero,VIP) values (4,12,11, 0);
INSERT INTO Lugar (sala,fila,numero,VIP) values (4,12,12, 0);
INSERT INTO Lugar (sala,fila,numero,VIP) values (4,12,13, 0);
INSERT INTO Lugar (sala,fila,numero,VIP) values (4,12,14, 0);
INSERT INTO Lugar (sala,fila,numero,VIP) values (4,12,15, 0);
INSERT INTO Lugar (sala,fila,numero,VIP) values (4,12,16, 0);
INSERT INTO Lugar (sala,fila,numero,VIP) values (4,12,17, 0);
INSERT INTO Lugar (sala,fila,numero,VIP) values (4,12,18, 0);
INSERT INTO Lugar (sala,fila,numero,VIP) values (4,12,19, 0);
INSERT INTO Lugar (sala,fila,numero,VIP) values (4,12,20, 0);
INSERT INTO Lugar (sala,fila,numero,VIP) values (4,13,1, 0);
INSERT INTO Lugar (sala,fila,numero,VIP) values (4,13,2, 0);
INSERT INTO Lugar (sala,fila,numero,VIP) values (4,13,3, 0);
INSERT INTO Lugar (sala,fila,numero,VIP) values (4,13,4, 0);
INSERT INTO Lugar (sala,fila,numero,VIP) values (4,13,5, 0);
INSERT INTO Lugar (sala,fila,numero,VIP) values (4,13,6, 0);
INSERT INTO Lugar (sala,fila,numero,VIP) values (4,13,7, 0);
INSERT INTO Lugar (sala,fila,numero,VIP) values (4,13,8, 0);
INSERT INTO Lugar (sala,fila,numero,VIP) values (4,13,9, 0);
INSERT INTO Lugar (sala,fila,numero,VIP) values (4,13,10, 0);
INSERT INTO Lugar (sala,fila,numero,VIP) values (4,13,11, 0);
INSERT INTO Lugar (sala,fila,numero,VIP) values (4,13,12, 0);
INSERT INTO Lugar (sala,fila,numero,VIP) values (4,13,13, 0);
INSERT INTO Lugar (sala,fila,numero,VIP) values (4,13,14, 0);
INSERT INTO Lugar (sala,fila,numero,VIP) values (4,13,15, 0);
INSERT INTO Lugar (sala,fila,numero,VIP) values (4,13,16, 0);
INSERT INTO Lugar (sala,fila,numero,VIP) values (4,13,17, 0);
INSERT INTO Lugar (sala,fila,numero,VIP) values (4,13,18, 0);
INSERT INTO Lugar (sala,fila,numero,VIP) values (4,13,19, 0);
INSERT INTO Lugar (sala,fila,numero,VIP) values (4,13,20, 0);
INSERT INTO Lugar (sala,fila,numero,VIP) values (4,14,1, 0);
INSERT INTO Lugar (sala,fila,numero,VIP) values (4,14,2, 0);
INSERT INTO Lugar (sala,fila,numero,VIP) values (4,14,3, 0);
INSERT INTO Lugar (sala,fila,numero,VIP) values (4,14,4, 0);
INSERT INTO Lugar (sala,fila,numero,VIP) values (4,14,5, 0);
INSERT INTO Lugar (sala,fila,numero,VIP) values (4,14,6, 0);
INSERT INTO Lugar (sala,fila,numero,VIP) values (4,14,7, 0);
INSERT INTO Lugar (sala,fila,numero,VIP) values (4,14,8, 0);
INSERT INTO Lugar (sala,fila,numero,VIP) values (4,14,9, 0);
INSERT INTO Lugar (sala,fila,numero,VIP) values (4,14,10, 0);
INSERT INTO Lugar (sala,fila,numero,VIP) values (4,14,11, 0);
INSERT INTO Lugar (sala,fila,numero,VIP) values (4,14,12, 0);
INSERT INTO Lugar (sala,fila,numero,VIP) values (4,14,13, 0);
INSERT INTO Lugar (sala,fila,numero,VIP) values (4,14,14, 0);
INSERT INTO Lugar (sala,fila,numero,VIP) values (4,14,15, 0);
INSERT INTO Lugar (sala,fila,numero,VIP) values (4,14,16, 0);
INSERT INTO Lugar (sala,fila,numero,VIP) values (4,14,17, 0);
INSERT INTO Lugar (sala,fila,numero,VIP) values (4,14,18, 0);
INSERT INTO Lugar (sala,fila,numero,VIP) values (4,14,19, 0);
INSERT INTO Lugar (sala,fila,numero,VIP) values (4,14,20, 0);
INSERT INTO Lugar (sala,fila,numero,VIP) values (4,15,1, 0);
INSERT INTO Lugar (sala,fila,numero,VIP) values (4,15,2, 0);
INSERT INTO Lugar (sala,fila,numero,VIP) values (4,15,3, 0);
INSERT INTO Lugar (sala,fila,numero,VIP) values (4,15,4, 0);
INSERT INTO Lugar (sala,fila,numero,VIP) values (4,15,5, 0);
INSERT INTO Lugar (sala,fila,numero,VIP) values (4,15,6, 0);
INSERT INTO Lugar (sala,fila,numero,VIP) values (4,15,7, 0);
INSERT INTO Lugar (sala,fila,numero,VIP) values (4,15,8, 0);
INSERT INTO Lugar (sala,fila,numero,VIP) values (4,15,9, 0);
INSERT INTO Lugar (sala,fila,numero,VIP) values (4,15,10, 0);
INSERT INTO Lugar (sala,fila,numero,VIP) values (4,15,11, 0);
INSERT INTO Lugar (sala,fila,numero,VIP) values (4,15,12, 0);
INSERT INTO Lugar (sala,fila,numero,VIP) values (4,15,13, 0);
INSERT INTO Lugar (sala,fila,numero,VIP) values (4,15,14, 0);
INSERT INTO Lugar (sala,fila,numero,VIP) values (4,15,15, 0);
INSERT INTO Lugar (sala,fila,numero,VIP) values (4,15,16, 0);
INSERT INTO Lugar (sala,fila,numero,VIP) values (4,15,17, 0);
INSERT INTO Lugar (sala,fila,numero,VIP) values (4,15,18, 0);
INSERT INTO Lugar (sala,fila,numero,VIP) values (4,15,19, 0);
INSERT INTO Lugar (sala,fila,numero,VIP) values (4,15,20, 0);

INSERT INTO Lugar (sala,fila,numero,VIP) values (5,1,1, 0);
INSERT INTO Lugar (sala,fila,numero,VIP) values (5,1,2, 0);
INSERT INTO Lugar (sala,fila,numero,VIP) values (5,1,3, 0);
INSERT INTO Lugar (sala,fila,numero,VIP) values (5,1,4, 0);
INSERT INTO Lugar (sala,fila,numero,VIP) values (5,1,5, 0);
INSERT INTO Lugar (sala,fila,numero,VIP) values (5,1,6, 0);
INSERT INTO Lugar (sala,fila,numero,VIP) values (5,1,7, 0);
INSERT INTO Lugar (sala,fila,numero,VIP) values (5,1,8, 0);
INSERT INTO Lugar (sala,fila,numero,VIP) values (5,1,9, 0);
INSERT INTO Lugar (sala,fila,numero,VIP) values (5,1,10, 0);
INSERT INTO Lugar (sala,fila,numero,VIP) values (5,1,11, 0);
INSERT INTO Lugar (sala,fila,numero,VIP) values (5,1,12, 0);
INSERT INTO Lugar (sala,fila,numero,VIP) values (5,1,13, 0);
INSERT INTO Lugar (sala,fila,numero,VIP) values (5,1,14, 0);
INSERT INTO Lugar (sala,fila,numero,VIP) values (5,1,15, 0);
INSERT INTO Lugar (sala,fila,numero,VIP) values (5,2,1, 0);
INSERT INTO Lugar (sala,fila,numero,VIP) values (5,2,2, 0);
INSERT INTO Lugar (sala,fila,numero,VIP) values (5,2,3, 0);
INSERT INTO Lugar (sala,fila,numero,VIP) values (5,2,4, 0);
INSERT INTO Lugar (sala,fila,numero,VIP) values (5,2,5, 0);
INSERT INTO Lugar (sala,fila,numero,VIP) values (5,2,6, 0);
INSERT INTO Lugar (sala,fila,numero,VIP) values (5,2,7, 0);
INSERT INTO Lugar (sala,fila,numero,VIP) values (5,2,8, 0);
INSERT INTO Lugar (sala,fila,numero,VIP) values (5,2,9, 0);
INSERT INTO Lugar (sala,fila,numero,VIP) values (5,2,10, 0);
INSERT INTO Lugar (sala,fila,numero,VIP) values (5,2,11, 0);
INSERT INTO Lugar (sala,fila,numero,VIP) values (5,2,12, 0);
INSERT INTO Lugar (sala,fila,numero,VIP) values (5,2,13, 0);
INSERT INTO Lugar (sala,fila,numero,VIP) values (5,2,14, 0);
INSERT INTO Lugar (sala,fila,numero,VIP) values (5,2,15, 0);
INSERT INTO Lugar (sala,fila,numero,VIP) values (5,3,1, 0);
INSERT INTO Lugar (sala,fila,numero,VIP) values (5,3,2, 0);
INSERT INTO Lugar (sala,fila,numero,VIP) values (5,3,3, 0);
INSERT INTO Lugar (sala,fila,numero,VIP) values (5,3,4, 0);
INSERT INTO Lugar (sala,fila,numero,VIP) values (5,3,5, 0);
INSERT INTO Lugar (sala,fila,numero,VIP) values (5,3,6, 0);
INSERT INTO Lugar (sala,fila,numero,VIP) values (5,3,7, 0);
INSERT INTO Lugar (sala,fila,numero,VIP) values (5,3,8, 0);
INSERT INTO Lugar (sala,fila,numero,VIP) values (5,3,9, 0);
INSERT INTO Lugar (sala,fila,numero,VIP) values (5,3,10, 0);
INSERT INTO Lugar (sala,fila,numero,VIP) values (5,3,11, 0);
INSERT INTO Lugar (sala,fila,numero,VIP) values (5,3,12, 0);
INSERT INTO Lugar (sala,fila,numero,VIP) values (5,3,13, 0);
INSERT INTO Lugar (sala,fila,numero,VIP) values (5,3,14, 0);
INSERT INTO Lugar (sala,fila,numero,VIP) values (5,3,15, 0);
INSERT INTO Lugar (sala,fila,numero,VIP) values (5,4,1, 0);
INSERT INTO Lugar (sala,fila,numero,VIP) values (5,4,2, 0);
INSERT INTO Lugar (sala,fila,numero,VIP) values (5,4,3, 0);
INSERT INTO Lugar (sala,fila,numero,VIP) values (5,4,4, 0);
INSERT INTO Lugar (sala,fila,numero,VIP) values (5,4,5, 0);
INSERT INTO Lugar (sala,fila,numero,VIP) values (5,4,6, 0);
INSERT INTO Lugar (sala,fila,numero,VIP) values (5,4,7, 0);
INSERT INTO Lugar (sala,fila,numero,VIP) values (5,4,8, 0);
INSERT INTO Lugar (sala,fila,numero,VIP) values (5,4,9, 0);
INSERT INTO Lugar (sala,fila,numero,VIP) values (5,4,10, 0);
INSERT INTO Lugar (sala,fila,numero,VIP) values (5,4,11, 0);
INSERT INTO Lugar (sala,fila,numero,VIP) values (5,4,12, 0);
INSERT INTO Lugar (sala,fila,numero,VIP) values (5,4,13, 0);
INSERT INTO Lugar (sala,fila,numero,VIP) values (5,4,14, 0);
INSERT INTO Lugar (sala,fila,numero,VIP) values (5,4,15, 0);
INSERT INTO Lugar (sala,fila,numero,VIP) values (5,5,1, 0);
INSERT INTO Lugar (sala,fila,numero,VIP) values (5,5,2, 0);
INSERT INTO Lugar (sala,fila,numero,VIP) values (5,5,3, 0);
INSERT INTO Lugar (sala,fila,numero,VIP) values (5,5,4, 0);
INSERT INTO Lugar (sala,fila,numero,VIP) values (5,5,5, 0);
INSERT INTO Lugar (sala,fila,numero,VIP) values (5,5,6, 0);
INSERT INTO Lugar (sala,fila,numero,VIP) values (5,5,7, 0);
INSERT INTO Lugar (sala,fila,numero,VIP) values (5,5,8, 0);
INSERT INTO Lugar (sala,fila,numero,VIP) values (5,5,9, 0);
INSERT INTO Lugar (sala,fila,numero,VIP) values (5,5,10, 0);
INSERT INTO Lugar (sala,fila,numero,VIP) values (5,5,11, 0);
INSERT INTO Lugar (sala,fila,numero,VIP) values (5,5,12, 0);
INSERT INTO Lugar (sala,fila,numero,VIP) values (5,5,13, 0);
INSERT INTO Lugar (sala,fila,numero,VIP) values (5,5,14, 0);
INSERT INTO Lugar (sala,fila,numero,VIP) values (5,5,15, 0);
INSERT INTO Lugar (sala,fila,numero,VIP) values (5,6,1, 0);
INSERT INTO Lugar (sala,fila,numero,VIP) values (5,6,2, 0);
INSERT INTO Lugar (sala,fila,numero,VIP) values (5,6,3, 0);
INSERT INTO Lugar (sala,fila,numero,VIP) values (5,6,4, 0);
INSERT INTO Lugar (sala,fila,numero,VIP) values (5,6,5, 0);
INSERT INTO Lugar (sala,fila,numero,VIP) values (5,6,6, 0);
INSERT INTO Lugar (sala,fila,numero,VIP) values (5,6,7, 0);
INSERT INTO Lugar (sala,fila,numero,VIP) values (5,6,8, 0);
INSERT INTO Lugar (sala,fila,numero,VIP) values (5,6,9, 0);
INSERT INTO Lugar (sala,fila,numero,VIP) values (5,6,10, 0);
INSERT INTO Lugar (sala,fila,numero,VIP) values (5,6,11, 0);
INSERT INTO Lugar (sala,fila,numero,VIP) values (5,6,12, 0);
INSERT INTO Lugar (sala,fila,numero,VIP) values (5,6,13, 0);
INSERT INTO Lugar (sala,fila,numero,VIP) values (5,6,14, 0);
INSERT INTO Lugar (sala,fila,numero,VIP) values (5,6,15, 0);
INSERT INTO Lugar (sala,fila,numero,VIP) values (5,7,1, 0);
INSERT INTO Lugar (sala,fila,numero,VIP) values (5,7,2, 0);
INSERT INTO Lugar (sala,fila,numero,VIP) values (5,7,3, 0);
INSERT INTO Lugar (sala,fila,numero,VIP) values (5,7,4, 0);
INSERT INTO Lugar (sala,fila,numero,VIP) values (5,7,5, 0);
INSERT INTO Lugar (sala,fila,numero,VIP) values (5,7,6, 0);
INSERT INTO Lugar (sala,fila,numero,VIP) values (5,7,7, 0);
INSERT INTO Lugar (sala,fila,numero,VIP) values (5,7,8, 0);
INSERT INTO Lugar (sala,fila,numero,VIP) values (5,7,9, 0);
INSERT INTO Lugar (sala,fila,numero,VIP) values (5,7,10, 0);
INSERT INTO Lugar (sala,fila,numero,VIP) values (5,7,11, 0);
INSERT INTO Lugar (sala,fila,numero,VIP) values (5,7,12, 0);
INSERT INTO Lugar (sala,fila,numero,VIP) values (5,7,13, 0);
INSERT INTO Lugar (sala,fila,numero,VIP) values (5,7,14, 0);
INSERT INTO Lugar (sala,fila,numero,VIP) values (5,7,15, 0);
INSERT INTO Lugar (sala,fila,numero,VIP) values (5,8,1, 0);
INSERT INTO Lugar (sala,fila,numero,VIP) values (5,8,2, 0);
INSERT INTO Lugar (sala,fila,numero,VIP) values (5,8,3, 0);
INSERT INTO Lugar (sala,fila,numero,VIP) values (5,8,4, 0);
INSERT INTO Lugar (sala,fila,numero,VIP) values (5,8,5, 0);
INSERT INTO Lugar (sala,fila,numero,VIP) values (5,8,6, 0);
INSERT INTO Lugar (sala,fila,numero,VIP) values (5,8,7, 0);
INSERT INTO Lugar (sala,fila,numero,VIP) values (5,8,8, 0);
INSERT INTO Lugar (sala,fila,numero,VIP) values (5,8,9, 0);
INSERT INTO Lugar (sala,fila,numero,VIP) values (5,8,10, 0);
INSERT INTO Lugar (sala,fila,numero,VIP) values (5,8,11, 0);
INSERT INTO Lugar (sala,fila,numero,VIP) values (5,8,12, 0);
INSERT INTO Lugar (sala,fila,numero,VIP) values (5,8,13, 0);
INSERT INTO Lugar (sala,fila,numero,VIP) values (5,8,14, 0);
INSERT INTO Lugar (sala,fila,numero,VIP) values (5,8,15, 0);
INSERT INTO Lugar (sala,fila,numero,VIP) values (5,9,1, 0);
INSERT INTO Lugar (sala,fila,numero,VIP) values (5,9,2, 0);
INSERT INTO Lugar (sala,fila,numero,VIP) values (5,9,3, 0);
INSERT INTO Lugar (sala,fila,numero,VIP) values (5,9,4, 0);
INSERT INTO Lugar (sala,fila,numero,VIP) values (5,9,5, 0);
INSERT INTO Lugar (sala,fila,numero,VIP) values (5,9,6, 0);
INSERT INTO Lugar (sala,fila,numero,VIP) values (5,9,7, 0);
INSERT INTO Lugar (sala,fila,numero,VIP) values (5,9,8, 0);
INSERT INTO Lugar (sala,fila,numero,VIP) values (5,9,9, 0);
INSERT INTO Lugar (sala,fila,numero,VIP) values (5,9,10, 0);
INSERT INTO Lugar (sala,fila,numero,VIP) values (5,9,11, 0);
INSERT INTO Lugar (sala,fila,numero,VIP) values (5,9,12, 0);
INSERT INTO Lugar (sala,fila,numero,VIP) values (5,9,13, 0);
INSERT INTO Lugar (sala,fila,numero,VIP) values (5,9,14, 0);
INSERT INTO Lugar (sala,fila,numero,VIP) values (5,9,15, 0);
INSERT INTO Lugar (sala,fila,numero,VIP) values (5,10,1, 0);
INSERT INTO Lugar (sala,fila,numero,VIP) values (5,10,2, 0);
INSERT INTO Lugar (sala,fila,numero,VIP) values (5,10,3, 0);
INSERT INTO Lugar (sala,fila,numero,VIP) values (5,10,4, 0);
INSERT INTO Lugar (sala,fila,numero,VIP) values (5,10,5, 0);
INSERT INTO Lugar (sala,fila,numero,VIP) values (5,10,6, 0);
INSERT INTO Lugar (sala,fila,numero,VIP) values (5,10,7, 0);
INSERT INTO Lugar (sala,fila,numero,VIP) values (5,10,8, 0);
INSERT INTO Lugar (sala,fila,numero,VIP) values (5,10,9, 0);
INSERT INTO Lugar (sala,fila,numero,VIP) values (5,10,10, 0);
INSERT INTO Lugar (sala,fila,numero,VIP) values (5,10,11, 0);
INSERT INTO Lugar (sala,fila,numero,VIP) values (5,10,12, 0);
INSERT INTO Lugar (sala,fila,numero,VIP) values (5,10,13, 0);
INSERT INTO Lugar (sala,fila,numero,VIP) values (5,10,14, 0);
INSERT INTO Lugar (sala,fila,numero,VIP) values (5,10,15, 0);

INSERT INTO Lugar (sala,fila,numero,VIP) values (6,1,1, 0);
INSERT INTO Lugar (sala,fila,numero,VIP) values (6,1,2, 0);
INSERT INTO Lugar (sala,fila,numero,VIP) values (6,1,3, 0);
INSERT INTO Lugar (sala,fila,numero,VIP) values (6,1,4, 0);
INSERT INTO Lugar (sala,fila,numero,VIP) values (6,1,5, 0);
INSERT INTO Lugar (sala,fila,numero,VIP) values (6,1,6, 0);
INSERT INTO Lugar (sala,fila,numero,VIP) values (6,1,7, 0);
INSERT INTO Lugar (sala,fila,numero,VIP) values (6,1,8, 0);
INSERT INTO Lugar (sala,fila,numero,VIP) values (6,1,9, 0);
INSERT INTO Lugar (sala,fila,numero,VIP) values (6,1,10, 0);
INSERT INTO Lugar (sala,fila,numero,VIP) values (6,1,11, 0);
INSERT INTO Lugar (sala,fila,numero,VIP) values (6,1,12, 0);
INSERT INTO Lugar (sala,fila,numero,VIP) values (6,1,13, 0);
INSERT INTO Lugar (sala,fila,numero,VIP) values (6,1,14, 0);
INSERT INTO Lugar (sala,fila,numero,VIP) values (6,1,15, 0);
INSERT INTO Lugar (sala,fila,numero,VIP) values (6,1,16, 0);
INSERT INTO Lugar (sala,fila,numero,VIP) values (6,2,1, 0);
INSERT INTO Lugar (sala,fila,numero,VIP) values (6,2,2, 0);
INSERT INTO Lugar (sala,fila,numero,VIP) values (6,2,3, 0);
INSERT INTO Lugar (sala,fila,numero,VIP) values (6,2,4, 0);
INSERT INTO Lugar (sala,fila,numero,VIP) values (6,2,5, 0);
INSERT INTO Lugar (sala,fila,numero,VIP) values (6,2,6, 0);
INSERT INTO Lugar (sala,fila,numero,VIP) values (6,2,7, 0);
INSERT INTO Lugar (sala,fila,numero,VIP) values (6,2,8, 0);
INSERT INTO Lugar (sala,fila,numero,VIP) values (6,2,9, 0);
INSERT INTO Lugar (sala,fila,numero,VIP) values (6,2,10, 0);
INSERT INTO Lugar (sala,fila,numero,VIP) values (6,2,11, 0);
INSERT INTO Lugar (sala,fila,numero,VIP) values (6,2,12, 0);
INSERT INTO Lugar (sala,fila,numero,VIP) values (6,2,13, 0);
INSERT INTO Lugar (sala,fila,numero,VIP) values (6,2,14, 0);
INSERT INTO Lugar (sala,fila,numero,VIP) values (6,2,15, 0);
INSERT INTO Lugar (sala,fila,numero,VIP) values (6,2,16, 0);
INSERT INTO Lugar (sala,fila,numero,VIP) values (6,3,1, 0);
INSERT INTO Lugar (sala,fila,numero,VIP) values (6,3,2, 0);
INSERT INTO Lugar (sala,fila,numero,VIP) values (6,3,3, 0);
INSERT INTO Lugar (sala,fila,numero,VIP) values (6,3,4, 0);
INSERT INTO Lugar (sala,fila,numero,VIP) values (6,3,5, 0);
INSERT INTO Lugar (sala,fila,numero,VIP) values (6,3,6, 0);
INSERT INTO Lugar (sala,fila,numero,VIP) values (6,3,7, 0);
INSERT INTO Lugar (sala,fila,numero,VIP) values (6,3,8, 0);
INSERT INTO Lugar (sala,fila,numero,VIP) values (6,3,9, 0);
INSERT INTO Lugar (sala,fila,numero,VIP) values (6,3,10, 0);
INSERT INTO Lugar (sala,fila,numero,VIP) values (6,3,11, 0);
INSERT INTO Lugar (sala,fila,numero,VIP) values (6,3,12, 0);
INSERT INTO Lugar (sala,fila,numero,VIP) values (6,3,13, 0);
INSERT INTO Lugar (sala,fila,numero,VIP) values (6,3,14, 0);
INSERT INTO Lugar (sala,fila,numero,VIP) values (6,3,15, 0);
INSERT INTO Lugar (sala,fila,numero,VIP) values (6,3,16, 0);
INSERT INTO Lugar (sala,fila,numero,VIP) values (6,4,1, 0);
INSERT INTO Lugar (sala,fila,numero,VIP) values (6,4,2, 0);
INSERT INTO Lugar (sala,fila,numero,VIP) values (6,4,3, 0);
INSERT INTO Lugar (sala,fila,numero,VIP) values (6,4,4, 0);
INSERT INTO Lugar (sala,fila,numero,VIP) values (6,4,5, 0);
INSERT INTO Lugar (sala,fila,numero,VIP) values (6,4,6, 0);
INSERT INTO Lugar (sala,fila,numero,VIP) values (6,4,7, 0);
INSERT INTO Lugar (sala,fila,numero,VIP) values (6,4,8, 0);
INSERT INTO Lugar (sala,fila,numero,VIP) values (6,4,9, 0);
INSERT INTO Lugar (sala,fila,numero,VIP) values (6,4,10, 0);
INSERT INTO Lugar (sala,fila,numero,VIP) values (6,4,11, 0);
INSERT INTO Lugar (sala,fila,numero,VIP) values (6,4,12, 0);
INSERT INTO Lugar (sala,fila,numero,VIP) values (6,4,13, 0);
INSERT INTO Lugar (sala,fila,numero,VIP) values (6,4,14, 0);
INSERT INTO Lugar (sala,fila,numero,VIP) values (6,4,15, 0);
INSERT INTO Lugar (sala,fila,numero,VIP) values (6,4,16, 0);
INSERT INTO Lugar (sala,fila,numero,VIP) values (6,5,1, 0);
INSERT INTO Lugar (sala,fila,numero,VIP) values (6,5,2, 0);
INSERT INTO Lugar (sala,fila,numero,VIP) values (6,5,3, 0);
INSERT INTO Lugar (sala,fila,numero,VIP) values (6,5,4, 0);
INSERT INTO Lugar (sala,fila,numero,VIP) values (6,5,5, 0);
INSERT INTO Lugar (sala,fila,numero,VIP) values (6,5,6, 0);
INSERT INTO Lugar (sala,fila,numero,VIP) values (6,5,7, 0);
INSERT INTO Lugar (sala,fila,numero,VIP) values (6,5,8, 0);
INSERT INTO Lugar (sala,fila,numero,VIP) values (6,5,9, 0);
INSERT INTO Lugar (sala,fila,numero,VIP) values (6,5,10, 0);
INSERT INTO Lugar (sala,fila,numero,VIP) values (6,5,11, 0);
INSERT INTO Lugar (sala,fila,numero,VIP) values (6,5,12, 0);
INSERT INTO Lugar (sala,fila,numero,VIP) values (6,5,13, 0);
INSERT INTO Lugar (sala,fila,numero,VIP) values (6,5,14, 0);
INSERT INTO Lugar (sala,fila,numero,VIP) values (6,5,15, 0);
INSERT INTO Lugar (sala,fila,numero,VIP) values (6,5,16, 0);
INSERT INTO Lugar (sala,fila,numero,VIP) values (6,6,1, 0);
INSERT INTO Lugar (sala,fila,numero,VIP) values (6,6,2, 0);
INSERT INTO Lugar (sala,fila,numero,VIP) values (6,6,3, 0);
INSERT INTO Lugar (sala,fila,numero,VIP) values (6,6,4, 0);
INSERT INTO Lugar (sala,fila,numero,VIP) values (6,6,5, 0);
INSERT INTO Lugar (sala,fila,numero,VIP) values (6,6,6, 0);
INSERT INTO Lugar (sala,fila,numero,VIP) values (6,6,7, 0);
INSERT INTO Lugar (sala,fila,numero,VIP) values (6,6,8, 0);
INSERT INTO Lugar (sala,fila,numero,VIP) values (6,6,9, 0);
INSERT INTO Lugar (sala,fila,numero,VIP) values (6,6,10, 0);
INSERT INTO Lugar (sala,fila,numero,VIP) values (6,6,11, 0);
INSERT INTO Lugar (sala,fila,numero,VIP) values (6,6,12, 0);
INSERT INTO Lugar (sala,fila,numero,VIP) values (6,6,13, 0);
INSERT INTO Lugar (sala,fila,numero,VIP) values (6,6,14, 0);
INSERT INTO Lugar (sala,fila,numero,VIP) values (6,6,15, 0);
INSERT INTO Lugar (sala,fila,numero,VIP) values (6,6,16, 0);
INSERT INTO Lugar (sala,fila,numero,VIP) values (6,7,1, 0);
INSERT INTO Lugar (sala,fila,numero,VIP) values (6,7,2, 0);
INSERT INTO Lugar (sala,fila,numero,VIP) values (6,7,3, 0);
INSERT INTO Lugar (sala,fila,numero,VIP) values (6,7,4, 0);
INSERT INTO Lugar (sala,fila,numero,VIP) values (6,7,5, 0);
INSERT INTO Lugar (sala,fila,numero,VIP) values (6,7,6, 0);
INSERT INTO Lugar (sala,fila,numero,VIP) values (6,7,7, 0);
INSERT INTO Lugar (sala,fila,numero,VIP) values (6,7,8, 0);
INSERT INTO Lugar (sala,fila,numero,VIP) values (6,7,9, 0);
INSERT INTO Lugar (sala,fila,numero,VIP) values (6,7,10, 0);
INSERT INTO Lugar (sala,fila,numero,VIP) values (6,7,11, 0);
INSERT INTO Lugar (sala,fila,numero,VIP) values (6,7,12, 0);
INSERT INTO Lugar (sala,fila,numero,VIP) values (6,7,13, 0);
INSERT INTO Lugar (sala,fila,numero,VIP) values (6,7,14, 0);
INSERT INTO Lugar (sala,fila,numero,VIP) values (6,7,15, 0);
INSERT INTO Lugar (sala,fila,numero,VIP) values (6,7,16, 0);
INSERT INTO Lugar (sala,fila,numero,VIP) values (6,8,1, 0);
INSERT INTO Lugar (sala,fila,numero,VIP) values (6,8,2, 0);
INSERT INTO Lugar (sala,fila,numero,VIP) values (6,8,3, 0);
INSERT INTO Lugar (sala,fila,numero,VIP) values (6,8,4, 0);
INSERT INTO Lugar (sala,fila,numero,VIP) values (6,8,5, 0);
INSERT INTO Lugar (sala,fila,numero,VIP) values (6,8,6, 0);
INSERT INTO Lugar (sala,fila,numero,VIP) values (6,8,7, 0);
INSERT INTO Lugar (sala,fila,numero,VIP) values (6,8,8, 0);
INSERT INTO Lugar (sala,fila,numero,VIP) values (6,8,9, 0);
INSERT INTO Lugar (sala,fila,numero,VIP) values (6,8,10, 0);
INSERT INTO Lugar (sala,fila,numero,VIP) values (6,8,11, 0);
INSERT INTO Lugar (sala,fila,numero,VIP) values (6,8,12, 0);
INSERT INTO Lugar (sala,fila,numero,VIP) values (6,8,13, 0);
INSERT INTO Lugar (sala,fila,numero,VIP) values (6,8,14, 0);
INSERT INTO Lugar (sala,fila,numero,VIP) values (6,8,15, 0);
INSERT INTO Lugar (sala,fila,numero,VIP) values (6,8,16, 0);
INSERT INTO Lugar (sala,fila,numero,VIP) values (6,9,1, 0);
INSERT INTO Lugar (sala,fila,numero,VIP) values (6,9,2, 0);
INSERT INTO Lugar (sala,fila,numero,VIP) values (6,9,3, 0);
INSERT INTO Lugar (sala,fila,numero,VIP) values (6,9,4, 0);
INSERT INTO Lugar (sala,fila,numero,VIP) values (6,9,5, 0);
INSERT INTO Lugar (sala,fila,numero,VIP) values (6,9,6, 0);
INSERT INTO Lugar (sala,fila,numero,VIP) values (6,9,7, 0);
INSERT INTO Lugar (sala,fila,numero,VIP) values (6,9,8, 0);
INSERT INTO Lugar (sala,fila,numero,VIP) values (6,9,9, 0);
INSERT INTO Lugar (sala,fila,numero,VIP) values (6,9,10, 0);
INSERT INTO Lugar (sala,fila,numero,VIP) values (6,9,11, 0);
INSERT INTO Lugar (sala,fila,numero,VIP) values (6,9,12, 0);
INSERT INTO Lugar (sala,fila,numero,VIP) values (6,9,13, 0);
INSERT INTO Lugar (sala,fila,numero,VIP) values (6,9,14, 0);
INSERT INTO Lugar (sala,fila,numero,VIP) values (6,9,15, 0);
INSERT INTO Lugar (sala,fila,numero,VIP) values (6,9,16, 0);
INSERT INTO Lugar (sala,fila,numero,VIP) values (6,10,1, 0);
INSERT INTO Lugar (sala,fila,numero,VIP) values (6,10,2, 0);
INSERT INTO Lugar (sala,fila,numero,VIP) values (6,10,3, 0);
INSERT INTO Lugar (sala,fila,numero,VIP) values (6,10,4, 0);
INSERT INTO Lugar (sala,fila,numero,VIP) values (6,10,5, 0);
INSERT INTO Lugar (sala,fila,numero,VIP) values (6,10,6, 0);
INSERT INTO Lugar (sala,fila,numero,VIP) values (6,10,7, 0);
INSERT INTO Lugar (sala,fila,numero,VIP) values (6,10,8, 0);
INSERT INTO Lugar (sala,fila,numero,VIP) values (6,10,9, 0);
INSERT INTO Lugar (sala,fila,numero,VIP) values (6,10,10, 0);
INSERT INTO Lugar (sala,fila,numero,VIP) values (6,10,11, 0);
INSERT INTO Lugar (sala,fila,numero,VIP) values (6,10,12, 0);
INSERT INTO Lugar (sala,fila,numero,VIP) values (6,10,13, 0);
INSERT INTO Lugar (sala,fila,numero,VIP) values (6,10,14, 0);
INSERT INTO Lugar (sala,fila,numero,VIP) values (6,10,15, 0);
INSERT INTO Lugar (sala,fila,numero,VIP) values (6,10,16, 0);

INSERT INTO Lugar (sala,fila,numero,VIP) values (7,1,1, 0);
INSERT INTO Lugar (sala,fila,numero,VIP) values (7,1,2, 0);
INSERT INTO Lugar (sala,fila,numero,VIP) values (7,1,3, 0);
INSERT INTO Lugar (sala,fila,numero,VIP) values (7,1,4, 0);
INSERT INTO Lugar (sala,fila,numero,VIP) values (7,1,5, 0);
INSERT INTO Lugar (sala,fila,numero,VIP) values (7,1,6, 0);
INSERT INTO Lugar (sala,fila,numero,VIP) values (7,1,7, 0);
INSERT INTO Lugar (sala,fila,numero,VIP) values (7,1,8, 0);
INSERT INTO Lugar (sala,fila,numero,VIP) values (7,1,9, 0);
INSERT INTO Lugar (sala,fila,numero,VIP) values (7,1,10, 0);
INSERT INTO Lugar (sala,fila,numero,VIP) values (7,1,11, 0);
INSERT INTO Lugar (sala,fila,numero,VIP) values (7,1,12, 0);
INSERT INTO Lugar (sala,fila,numero,VIP) values (7,1,13, 0);
INSERT INTO Lugar (sala,fila,numero,VIP) values (7,1,14, 0);
INSERT INTO Lugar (sala,fila,numero,VIP) values (7,1,15, 0);
INSERT INTO Lugar (sala,fila,numero,VIP) values (7,2,1, 0);
INSERT INTO Lugar (sala,fila,numero,VIP) values (7,2,2, 0);
INSERT INTO Lugar (sala,fila,numero,VIP) values (7,2,3, 0);
INSERT INTO Lugar (sala,fila,numero,VIP) values (7,2,4, 0);
INSERT INTO Lugar (sala,fila,numero,VIP) values (7,2,5, 0);
INSERT INTO Lugar (sala,fila,numero,VIP) values (7,2,6, 0);
INSERT INTO Lugar (sala,fila,numero,VIP) values (7,2,7, 0);
INSERT INTO Lugar (sala,fila,numero,VIP) values (7,2,8, 0);
INSERT INTO Lugar (sala,fila,numero,VIP) values (7,2,9, 0);
INSERT INTO Lugar (sala,fila,numero,VIP) values (7,2,10, 0);
INSERT INTO Lugar (sala,fila,numero,VIP) values (7,2,11, 0);
INSERT INTO Lugar (sala,fila,numero,VIP) values (7,2,12, 0);
INSERT INTO Lugar (sala,fila,numero,VIP) values (7,2,13, 0);
INSERT INTO Lugar (sala,fila,numero,VIP) values (7,2,14, 0);
INSERT INTO Lugar (sala,fila,numero,VIP) values (7,2,15, 0);
INSERT INTO Lugar (sala,fila,numero,VIP) values (7,3,1, 0);
INSERT INTO Lugar (sala,fila,numero,VIP) values (7,3,2, 0);
INSERT INTO Lugar (sala,fila,numero,VIP) values (7,3,3, 0);
INSERT INTO Lugar (sala,fila,numero,VIP) values (7,3,4, 0);
INSERT INTO Lugar (sala,fila,numero,VIP) values (7,3,5, 0);
INSERT INTO Lugar (sala,fila,numero,VIP) values (7,3,6, 0);
INSERT INTO Lugar (sala,fila,numero,VIP) values (7,3,7, 0);
INSERT INTO Lugar (sala,fila,numero,VIP) values (7,3,8, 0);
INSERT INTO Lugar (sala,fila,numero,VIP) values (7,3,9, 0);
INSERT INTO Lugar (sala,fila,numero,VIP) values (7,3,10, 0);
INSERT INTO Lugar (sala,fila,numero,VIP) values (7,3,11, 0);
INSERT INTO Lugar (sala,fila,numero,VIP) values (7,3,12, 0);
INSERT INTO Lugar (sala,fila,numero,VIP) values (7,3,13, 0);
INSERT INTO Lugar (sala,fila,numero,VIP) values (7,3,14, 0);
INSERT INTO Lugar (sala,fila,numero,VIP) values (7,3,15, 0);
INSERT INTO Lugar (sala,fila,numero,VIP) values (7,4,1, 0);
INSERT INTO Lugar (sala,fila,numero,VIP) values (7,4,2, 0);
INSERT INTO Lugar (sala,fila,numero,VIP) values (7,4,3, 0);
INSERT INTO Lugar (sala,fila,numero,VIP) values (7,4,4, 0);
INSERT INTO Lugar (sala,fila,numero,VIP) values (7,4,5, 0);
INSERT INTO Lugar (sala,fila,numero,VIP) values (7,4,6, 0);
INSERT INTO Lugar (sala,fila,numero,VIP) values (7,4,7, 0);
INSERT INTO Lugar (sala,fila,numero,VIP) values (7,4,8, 0);
INSERT INTO Lugar (sala,fila,numero,VIP) values (7,4,9, 0);
INSERT INTO Lugar (sala,fila,numero,VIP) values (7,4,10, 0);
INSERT INTO Lugar (sala,fila,numero,VIP) values (7,4,11, 0);
INSERT INTO Lugar (sala,fila,numero,VIP) values (7,4,12, 0);
INSERT INTO Lugar (sala,fila,numero,VIP) values (7,4,13, 0);
INSERT INTO Lugar (sala,fila,numero,VIP) values (7,4,14, 0);
INSERT INTO Lugar (sala,fila,numero,VIP) values (7,4,15, 0);
INSERT INTO Lugar (sala,fila,numero,VIP) values (7,5,1, 0);
INSERT INTO Lugar (sala,fila,numero,VIP) values (7,5,2, 0);
INSERT INTO Lugar (sala,fila,numero,VIP) values (7,5,3, 0);
INSERT INTO Lugar (sala,fila,numero,VIP) values (7,5,4, 0);
INSERT INTO Lugar (sala,fila,numero,VIP) values (7,5,5, 0);
INSERT INTO Lugar (sala,fila,numero,VIP) values (7,5,6, 0);
INSERT INTO Lugar (sala,fila,numero,VIP) values (7,5,7, 0);
INSERT INTO Lugar (sala,fila,numero,VIP) values (7,5,8, 0);
INSERT INTO Lugar (sala,fila,numero,VIP) values (7,5,9, 0);
INSERT INTO Lugar (sala,fila,numero,VIP) values (7,5,10, 0);
INSERT INTO Lugar (sala,fila,numero,VIP) values (7,5,11, 0);
INSERT INTO Lugar (sala,fila,numero,VIP) values (7,5,12, 0);
INSERT INTO Lugar (sala,fila,numero,VIP) values (7,5,13, 0);
INSERT INTO Lugar (sala,fila,numero,VIP) values (7,5,14, 0);
INSERT INTO Lugar (sala,fila,numero,VIP) values (7,5,15, 0);
INSERT INTO Lugar (sala,fila,numero,VIP) values (7,6,1, 0);
INSERT INTO Lugar (sala,fila,numero,VIP) values (7,6,2, 0);
INSERT INTO Lugar (sala,fila,numero,VIP) values (7,6,3, 0);
INSERT INTO Lugar (sala,fila,numero,VIP) values (7,6,4, 0);
INSERT INTO Lugar (sala,fila,numero,VIP) values (7,6,5, 0);
INSERT INTO Lugar (sala,fila,numero,VIP) values (7,6,6, 0);
INSERT INTO Lugar (sala,fila,numero,VIP) values (7,6,7, 0);
INSERT INTO Lugar (sala,fila,numero,VIP) values (7,6,8, 0);
INSERT INTO Lugar (sala,fila,numero,VIP) values (7,6,9, 0);
INSERT INTO Lugar (sala,fila,numero,VIP) values (7,6,10, 0);
INSERT INTO Lugar (sala,fila,numero,VIP) values (7,6,11, 0);
INSERT INTO Lugar (sala,fila,numero,VIP) values (7,6,12, 0);
INSERT INTO Lugar (sala,fila,numero,VIP) values (7,6,13, 0);
INSERT INTO Lugar (sala,fila,numero,VIP) values (7,6,14, 0);
INSERT INTO Lugar (sala,fila,numero,VIP) values (7,6,15, 0);
INSERT INTO Lugar (sala,fila,numero,VIP) values (7,7,1, 0);
INSERT INTO Lugar (sala,fila,numero,VIP) values (7,7,2, 0);
INSERT INTO Lugar (sala,fila,numero,VIP) values (7,7,3, 0);
INSERT INTO Lugar (sala,fila,numero,VIP) values (7,7,4, 0);
INSERT INTO Lugar (sala,fila,numero,VIP) values (7,7,5, 0);
INSERT INTO Lugar (sala,fila,numero,VIP) values (7,7,6, 0);
INSERT INTO Lugar (sala,fila,numero,VIP) values (7,7,7, 0);
INSERT INTO Lugar (sala,fila,numero,VIP) values (7,7,8, 0);
INSERT INTO Lugar (sala,fila,numero,VIP) values (7,7,9, 0);
INSERT INTO Lugar (sala,fila,numero,VIP) values (7,7,10, 0);
INSERT INTO Lugar (sala,fila,numero,VIP) values (7,7,11, 0);
INSERT INTO Lugar (sala,fila,numero,VIP) values (7,7,12, 0);
INSERT INTO Lugar (sala,fila,numero,VIP) values (7,7,13, 0);
INSERT INTO Lugar (sala,fila,numero,VIP) values (7,7,14, 0);
INSERT INTO Lugar (sala,fila,numero,VIP) values (7,7,15, 0);
INSERT INTO Lugar (sala,fila,numero,VIP) values (7,8,1, 0);
INSERT INTO Lugar (sala,fila,numero,VIP) values (7,8,2, 0);
INSERT INTO Lugar (sala,fila,numero,VIP) values (7,8,3, 0);
INSERT INTO Lugar (sala,fila,numero,VIP) values (7,8,4, 0);
INSERT INTO Lugar (sala,fila,numero,VIP) values (7,8,5, 0);
INSERT INTO Lugar (sala,fila,numero,VIP) values (7,8,6, 0);
INSERT INTO Lugar (sala,fila,numero,VIP) values (7,8,7, 0);
INSERT INTO Lugar (sala,fila,numero,VIP) values (7,8,8, 0);
INSERT INTO Lugar (sala,fila,numero,VIP) values (7,8,9, 0);
INSERT INTO Lugar (sala,fila,numero,VIP) values (7,8,10, 0);
INSERT INTO Lugar (sala,fila,numero,VIP) values (7,8,11, 0);
INSERT INTO Lugar (sala,fila,numero,VIP) values (7,8,12, 0);
INSERT INTO Lugar (sala,fila,numero,VIP) values (7,8,13, 0);
INSERT INTO Lugar (sala,fila,numero,VIP) values (7,8,14, 0);
INSERT INTO Lugar (sala,fila,numero,VIP) values (7,8,15, 0);
INSERT INTO Lugar (sala,fila,numero,VIP) values (7,9,1, 0);
INSERT INTO Lugar (sala,fila,numero,VIP) values (7,9,2, 0);
INSERT INTO Lugar (sala,fila,numero,VIP) values (7,9,3, 0);
INSERT INTO Lugar (sala,fila,numero,VIP) values (7,9,4, 0);
INSERT INTO Lugar (sala,fila,numero,VIP) values (7,9,5, 0);
INSERT INTO Lugar (sala,fila,numero,VIP) values (7,9,6, 0);
INSERT INTO Lugar (sala,fila,numero,VIP) values (7,9,7, 0);
INSERT INTO Lugar (sala,fila,numero,VIP) values (7,9,8, 0);
INSERT INTO Lugar (sala,fila,numero,VIP) values (7,9,9, 0);
INSERT INTO Lugar (sala,fila,numero,VIP) values (7,9,10, 0);
INSERT INTO Lugar (sala,fila,numero,VIP) values (7,9,11, 0);
INSERT INTO Lugar (sala,fila,numero,VIP) values (7,9,12, 0);
INSERT INTO Lugar (sala,fila,numero,VIP) values (7,9,13, 0);
INSERT INTO Lugar (sala,fila,numero,VIP) values (7,9,14, 0);
INSERT INTO Lugar (sala,fila,numero,VIP) values (7,9,15, 0);
INSERT INTO Lugar (sala,fila,numero,VIP) values (7,10,1, 0);
INSERT INTO Lugar (sala,fila,numero,VIP) values (7,10,2, 0);
INSERT INTO Lugar (sala,fila,numero,VIP) values (7,10,3, 0);
INSERT INTO Lugar (sala,fila,numero,VIP) values (7,10,4, 0);
INSERT INTO Lugar (sala,fila,numero,VIP) values (7,10,5, 0);
INSERT INTO Lugar (sala,fila,numero,VIP) values (7,10,6, 0);
INSERT INTO Lugar (sala,fila,numero,VIP) values (7,10,7, 0);
INSERT INTO Lugar (sala,fila,numero,VIP) values (7,10,8, 0);
INSERT INTO Lugar (sala,fila,numero,VIP) values (7,10,9, 0);
INSERT INTO Lugar (sala,fila,numero,VIP) values (7,10,10, 0);
INSERT INTO Lugar (sala,fila,numero,VIP) values (7,10,11, 0);
INSERT INTO Lugar (sala,fila,numero,VIP) values (7,10,12, 0);
INSERT INTO Lugar (sala,fila,numero,VIP) values (7,10,13, 0);
INSERT INTO Lugar (sala,fila,numero,VIP) values (7,10,14, 0);
INSERT INTO Lugar (sala,fila,numero,VIP) values (7,10,15, 0);
INSERT INTO Lugar (sala,fila,numero,VIP) values (7,11,1, 0);
INSERT INTO Lugar (sala,fila,numero,VIP) values (7,11,2, 0);
INSERT INTO Lugar (sala,fila,numero,VIP) values (7,11,3, 0);
INSERT INTO Lugar (sala,fila,numero,VIP) values (7,11,4, 0);
INSERT INTO Lugar (sala,fila,numero,VIP) values (7,11,5, 0);
INSERT INTO Lugar (sala,fila,numero,VIP) values (7,11,6, 0);
INSERT INTO Lugar (sala,fila,numero,VIP) values (7,11,7, 0);
INSERT INTO Lugar (sala,fila,numero,VIP) values (7,11,8, 0);
INSERT INTO Lugar (sala,fila,numero,VIP) values (7,11,9, 0);
INSERT INTO Lugar (sala,fila,numero,VIP) values (7,11,10, 0);
INSERT INTO Lugar (sala,fila,numero,VIP) values (7,11,11, 0);
INSERT INTO Lugar (sala,fila,numero,VIP) values (7,11,12, 0);
INSERT INTO Lugar (sala,fila,numero,VIP) values (7,11,13, 0);
INSERT INTO Lugar (sala,fila,numero,VIP) values (7,11,14, 0);
INSERT INTO Lugar (sala,fila,numero,VIP) values (7,11,15, 0);
INSERT INTO Lugar (sala,fila,numero,VIP) values (7,12,1, 0);
INSERT INTO Lugar (sala,fila,numero,VIP) values (7,12,2, 0);
INSERT INTO Lugar (sala,fila,numero,VIP) values (7,12,3, 0);
INSERT INTO Lugar (sala,fila,numero,VIP) values (7,12,4, 0);
INSERT INTO Lugar (sala,fila,numero,VIP) values (7,12,5, 0);
INSERT INTO Lugar (sala,fila,numero,VIP) values (7,12,6, 0);
INSERT INTO Lugar (sala,fila,numero,VIP) values (7,12,7, 0);
INSERT INTO Lugar (sala,fila,numero,VIP) values (7,12,8, 0);
INSERT INTO Lugar (sala,fila,numero,VIP) values (7,12,9, 0);
INSERT INTO Lugar (sala,fila,numero,VIP) values (7,12,10, 0);
INSERT INTO Lugar (sala,fila,numero,VIP) values (7,12,11, 0);
INSERT INTO Lugar (sala,fila,numero,VIP) values (7,12,12, 0);
INSERT INTO Lugar (sala,fila,numero,VIP) values (7,12,13, 0);
INSERT INTO Lugar (sala,fila,numero,VIP) values (7,12,14, 0);
INSERT INTO Lugar (sala,fila,numero,VIP) values (7,12,15, 0);

INSERT INTO Lugar (sala,fila,numero,VIP) values (8,1,1, 0);
INSERT INTO Lugar (sala,fila,numero,VIP) values (8,1,2, 0);
INSERT INTO Lugar (sala,fila,numero,VIP) values (8,1,3, 0);
INSERT INTO Lugar (sala,fila,numero,VIP) values (8,1,4, 0);
INSERT INTO Lugar (sala,fila,numero,VIP) values (8,1,5, 0);
INSERT INTO Lugar (sala,fila,numero,VIP) values (8,1,6, 0);
INSERT INTO Lugar (sala,fila,numero,VIP) values (8,1,7, 0);
INSERT INTO Lugar (sala,fila,numero,VIP) values (8,1,8, 0);
INSERT INTO Lugar (sala,fila,numero,VIP) values (8,1,9, 0);
INSERT INTO Lugar (sala,fila,numero,VIP) values (8,1,10, 0);
INSERT INTO Lugar (sala,fila,numero,VIP) values (8,1,11, 0);
INSERT INTO Lugar (sala,fila,numero,VIP) values (8,1,12, 0);
INSERT INTO Lugar (sala,fila,numero,VIP) values (8,1,13, 0);
INSERT INTO Lugar (sala,fila,numero,VIP) values (8,1,14, 0);
INSERT INTO Lugar (sala,fila,numero,VIP) values (8,1,15, 0);
INSERT INTO Lugar (sala,fila,numero,VIP) values (8,1,16, 0);
INSERT INTO Lugar (sala,fila,numero,VIP) values (8,1,17, 0);
INSERT INTO Lugar (sala,fila,numero,VIP) values (8,1,18, 0);
INSERT INTO Lugar (sala,fila,numero,VIP) values (8,2,1, 0);
INSERT INTO Lugar (sala,fila,numero,VIP) values (8,2,2, 0);
INSERT INTO Lugar (sala,fila,numero,VIP) values (8,2,3, 0);
INSERT INTO Lugar (sala,fila,numero,VIP) values (8,2,4, 0);
INSERT INTO Lugar (sala,fila,numero,VIP) values (8,2,5, 0);
INSERT INTO Lugar (sala,fila,numero,VIP) values (8,2,6, 0);
INSERT INTO Lugar (sala,fila,numero,VIP) values (8,2,7, 0);
INSERT INTO Lugar (sala,fila,numero,VIP) values (8,2,8, 0);
INSERT INTO Lugar (sala,fila,numero,VIP) values (8,2,9, 0);
INSERT INTO Lugar (sala,fila,numero,VIP) values (8,2,10, 0);
INSERT INTO Lugar (sala,fila,numero,VIP) values (8,2,11, 0);
INSERT INTO Lugar (sala,fila,numero,VIP) values (8,2,12, 0);
INSERT INTO Lugar (sala,fila,numero,VIP) values (8,2,13, 0);
INSERT INTO Lugar (sala,fila,numero,VIP) values (8,2,14, 0);
INSERT INTO Lugar (sala,fila,numero,VIP) values (8,2,15, 0);
INSERT INTO Lugar (sala,fila,numero,VIP) values (8,2,16, 0);
INSERT INTO Lugar (sala,fila,numero,VIP) values (8,2,17, 0);
INSERT INTO Lugar (sala,fila,numero,VIP) values (8,2,18, 0);
INSERT INTO Lugar (sala,fila,numero,VIP) values (8,3,1, 0);
INSERT INTO Lugar (sala,fila,numero,VIP) values (8,3,2, 0);
INSERT INTO Lugar (sala,fila,numero,VIP) values (8,3,3, 0);
INSERT INTO Lugar (sala,fila,numero,VIP) values (8,3,4, 0);
INSERT INTO Lugar (sala,fila,numero,VIP) values (8,3,5, 0);
INSERT INTO Lugar (sala,fila,numero,VIP) values (8,3,6, 0);
INSERT INTO Lugar (sala,fila,numero,VIP) values (8,3,7, 0);
INSERT INTO Lugar (sala,fila,numero,VIP) values (8,3,8, 0);
INSERT INTO Lugar (sala,fila,numero,VIP) values (8,3,9, 0);
INSERT INTO Lugar (sala,fila,numero,VIP) values (8,3,10, 0);
INSERT INTO Lugar (sala,fila,numero,VIP) values (8,3,11, 0);
INSERT INTO Lugar (sala,fila,numero,VIP) values (8,3,12, 0);
INSERT INTO Lugar (sala,fila,numero,VIP) values (8,3,13, 0);
INSERT INTO Lugar (sala,fila,numero,VIP) values (8,3,14, 0);
INSERT INTO Lugar (sala,fila,numero,VIP) values (8,3,15, 0);
INSERT INTO Lugar (sala,fila,numero,VIP) values (8,3,16, 0);
INSERT INTO Lugar (sala,fila,numero,VIP) values (8,3,17, 0);
INSERT INTO Lugar (sala,fila,numero,VIP) values (8,3,18, 0);
INSERT INTO Lugar (sala,fila,numero,VIP) values (8,4,1, 0);
INSERT INTO Lugar (sala,fila,numero,VIP) values (8,4,2, 0);
INSERT INTO Lugar (sala,fila,numero,VIP) values (8,4,3, 0);
INSERT INTO Lugar (sala,fila,numero,VIP) values (8,4,4, 0);
INSERT INTO Lugar (sala,fila,numero,VIP) values (8,4,5, 0);
INSERT INTO Lugar (sala,fila,numero,VIP) values (8,4,6, 0);
INSERT INTO Lugar (sala,fila,numero,VIP) values (8,4,7, 0);
INSERT INTO Lugar (sala,fila,numero,VIP) values (8,4,8, 0);
INSERT INTO Lugar (sala,fila,numero,VIP) values (8,4,9, 0);
INSERT INTO Lugar (sala,fila,numero,VIP) values (8,4,10, 0);
INSERT INTO Lugar (sala,fila,numero,VIP) values (8,4,11, 0);
INSERT INTO Lugar (sala,fila,numero,VIP) values (8,4,12, 0);
INSERT INTO Lugar (sala,fila,numero,VIP) values (8,4,13, 0);
INSERT INTO Lugar (sala,fila,numero,VIP) values (8,4,14, 0);
INSERT INTO Lugar (sala,fila,numero,VIP) values (8,4,15, 0);
INSERT INTO Lugar (sala,fila,numero,VIP) values (8,4,16, 0);
INSERT INTO Lugar (sala,fila,numero,VIP) values (8,4,17, 0);
INSERT INTO Lugar (sala,fila,numero,VIP) values (8,4,18, 0);
INSERT INTO Lugar (sala,fila,numero,VIP) values (8,5,1, 0);
INSERT INTO Lugar (sala,fila,numero,VIP) values (8,5,2, 0);
INSERT INTO Lugar (sala,fila,numero,VIP) values (8,5,3, 0);
INSERT INTO Lugar (sala,fila,numero,VIP) values (8,5,4, 0);
INSERT INTO Lugar (sala,fila,numero,VIP) values (8,5,5, 0);
INSERT INTO Lugar (sala,fila,numero,VIP) values (8,5,6, 0);
INSERT INTO Lugar (sala,fila,numero,VIP) values (8,5,7, 0);
INSERT INTO Lugar (sala,fila,numero,VIP) values (8,5,8, 0);
INSERT INTO Lugar (sala,fila,numero,VIP) values (8,5,9, 0);
INSERT INTO Lugar (sala,fila,numero,VIP) values (8,5,10, 0);
INSERT INTO Lugar (sala,fila,numero,VIP) values (8,5,11, 0);
INSERT INTO Lugar (sala,fila,numero,VIP) values (8,5,12, 0);
INSERT INTO Lugar (sala,fila,numero,VIP) values (8,5,13, 0);
INSERT INTO Lugar (sala,fila,numero,VIP) values (8,5,14, 0);
INSERT INTO Lugar (sala,fila,numero,VIP) values (8,5,15, 0);
INSERT INTO Lugar (sala,fila,numero,VIP) values (8,5,16, 0);
INSERT INTO Lugar (sala,fila,numero,VIP) values (8,5,17, 0);
INSERT INTO Lugar (sala,fila,numero,VIP) values (8,5,18, 0);
INSERT INTO Lugar (sala,fila,numero,VIP) values (8,6,1, 0);
INSERT INTO Lugar (sala,fila,numero,VIP) values (8,6,2, 0);
INSERT INTO Lugar (sala,fila,numero,VIP) values (8,6,3, 0);
INSERT INTO Lugar (sala,fila,numero,VIP) values (8,6,4, 0);
INSERT INTO Lugar (sala,fila,numero,VIP) values (8,6,5, 0);
INSERT INTO Lugar (sala,fila,numero,VIP) values (8,6,6, 0);
INSERT INTO Lugar (sala,fila,numero,VIP) values (8,6,7, 0);
INSERT INTO Lugar (sala,fila,numero,VIP) values (8,6,8, 0);
INSERT INTO Lugar (sala,fila,numero,VIP) values (8,6,9, 0);
INSERT INTO Lugar (sala,fila,numero,VIP) values (8,6,10, 0);
INSERT INTO Lugar (sala,fila,numero,VIP) values (8,6,11, 0);
INSERT INTO Lugar (sala,fila,numero,VIP) values (8,6,12, 0);
INSERT INTO Lugar (sala,fila,numero,VIP) values (8,6,13, 0);
INSERT INTO Lugar (sala,fila,numero,VIP) values (8,6,14, 0);
INSERT INTO Lugar (sala,fila,numero,VIP) values (8,6,15, 0);
INSERT INTO Lugar (sala,fila,numero,VIP) values (8,6,16, 0);
INSERT INTO Lugar (sala,fila,numero,VIP) values (8,6,17, 0);
INSERT INTO Lugar (sala,fila,numero,VIP) values (8,6,18, 0);
INSERT INTO Lugar (sala,fila,numero,VIP) values (8,7,1, 0);
INSERT INTO Lugar (sala,fila,numero,VIP) values (8,7,2, 0);
INSERT INTO Lugar (sala,fila,numero,VIP) values (8,7,3, 0);
INSERT INTO Lugar (sala,fila,numero,VIP) values (8,7,4, 0);
INSERT INTO Lugar (sala,fila,numero,VIP) values (8,7,5, 0);
INSERT INTO Lugar (sala,fila,numero,VIP) values (8,7,6, 0);
INSERT INTO Lugar (sala,fila,numero,VIP) values (8,7,7, 0);
INSERT INTO Lugar (sala,fila,numero,VIP) values (8,7,8, 0);
INSERT INTO Lugar (sala,fila,numero,VIP) values (8,7,9, 0);
INSERT INTO Lugar (sala,fila,numero,VIP) values (8,7,10, 0);
INSERT INTO Lugar (sala,fila,numero,VIP) values (8,7,11, 0);
INSERT INTO Lugar (sala,fila,numero,VIP) values (8,7,12, 0);
INSERT INTO Lugar (sala,fila,numero,VIP) values (8,7,13, 0);
INSERT INTO Lugar (sala,fila,numero,VIP) values (8,7,14, 0);
INSERT INTO Lugar (sala,fila,numero,VIP) values (8,7,15, 0);
INSERT INTO Lugar (sala,fila,numero,VIP) values (8,7,16, 0);
INSERT INTO Lugar (sala,fila,numero,VIP) values (8,7,17, 0);
INSERT INTO Lugar (sala,fila,numero,VIP) values (8,7,18, 0);
INSERT INTO Lugar (sala,fila,numero,VIP) values (8,8,1, 0);
INSERT INTO Lugar (sala,fila,numero,VIP) values (8,8,2, 0);
INSERT INTO Lugar (sala,fila,numero,VIP) values (8,8,3, 0);
INSERT INTO Lugar (sala,fila,numero,VIP) values (8,8,4, 0);
INSERT INTO Lugar (sala,fila,numero,VIP) values (8,8,5, 0);
INSERT INTO Lugar (sala,fila,numero,VIP) values (8,8,6, 0);
INSERT INTO Lugar (sala,fila,numero,VIP) values (8,8,7, 0);
INSERT INTO Lugar (sala,fila,numero,VIP) values (8,8,8, 0);
INSERT INTO Lugar (sala,fila,numero,VIP) values (8,8,9, 0);
INSERT INTO Lugar (sala,fila,numero,VIP) values (8,8,10, 0);
INSERT INTO Lugar (sala,fila,numero,VIP) values (8,8,11, 0);
INSERT INTO Lugar (sala,fila,numero,VIP) values (8,8,12, 0);
INSERT INTO Lugar (sala,fila,numero,VIP) values (8,8,13, 0);
INSERT INTO Lugar (sala,fila,numero,VIP) values (8,8,14, 0);
INSERT INTO Lugar (sala,fila,numero,VIP) values (8,8,15, 0);
INSERT INTO Lugar (sala,fila,numero,VIP) values (8,8,16, 0);
INSERT INTO Lugar (sala,fila,numero,VIP) values (8,8,17, 0);
INSERT INTO Lugar (sala,fila,numero,VIP) values (8,8,18, 0);
INSERT INTO Lugar (sala,fila,numero,VIP) values (8,9,1, 0);
INSERT INTO Lugar (sala,fila,numero,VIP) values (8,9,2, 0);
INSERT INTO Lugar (sala,fila,numero,VIP) values (8,9,3, 0);
INSERT INTO Lugar (sala,fila,numero,VIP) values (8,9,4, 0);
INSERT INTO Lugar (sala,fila,numero,VIP) values (8,9,5, 0);
INSERT INTO Lugar (sala,fila,numero,VIP) values (8,9,6, 0);
INSERT INTO Lugar (sala,fila,numero,VIP) values (8,9,7, 0);
INSERT INTO Lugar (sala,fila,numero,VIP) values (8,9,8, 0);
INSERT INTO Lugar (sala,fila,numero,VIP) values (8,9,9, 0);
INSERT INTO Lugar (sala,fila,numero,VIP) values (8,9,10, 0);
INSERT INTO Lugar (sala,fila,numero,VIP) values (8,9,11, 0);
INSERT INTO Lugar (sala,fila,numero,VIP) values (8,9,12, 0);
INSERT INTO Lugar (sala,fila,numero,VIP) values (8,9,13, 0);
INSERT INTO Lugar (sala,fila,numero,VIP) values (8,9,14, 0);
INSERT INTO Lugar (sala,fila,numero,VIP) values (8,9,15, 0);
INSERT INTO Lugar (sala,fila,numero,VIP) values (8,9,16, 0);
INSERT INTO Lugar (sala,fila,numero,VIP) values (8,9,17, 0);
INSERT INTO Lugar (sala,fila,numero,VIP) values (8,9,18, 0);
INSERT INTO Lugar (sala,fila,numero,VIP) values (8,10,1, 0);
INSERT INTO Lugar (sala,fila,numero,VIP) values (8,10,2, 0);
INSERT INTO Lugar (sala,fila,numero,VIP) values (8,10,3, 0);
INSERT INTO Lugar (sala,fila,numero,VIP) values (8,10,4, 0);
INSERT INTO Lugar (sala,fila,numero,VIP) values (8,10,5, 0);
INSERT INTO Lugar (sala,fila,numero,VIP) values (8,10,6, 0);
INSERT INTO Lugar (sala,fila,numero,VIP) values (8,10,7, 0);
INSERT INTO Lugar (sala,fila,numero,VIP) values (8,10,8, 0);
INSERT INTO Lugar (sala,fila,numero,VIP) values (8,10,9, 0);
INSERT INTO Lugar (sala,fila,numero,VIP) values (8,10,10, 0);
INSERT INTO Lugar (sala,fila,numero,VIP) values (8,10,11, 0);
INSERT INTO Lugar (sala,fila,numero,VIP) values (8,10,12, 0);
INSERT INTO Lugar (sala,fila,numero,VIP) values (8,10,13, 0);
INSERT INTO Lugar (sala,fila,numero,VIP) values (8,10,14, 0);
INSERT INTO Lugar (sala,fila,numero,VIP) values (8,10,15, 0);
INSERT INTO Lugar (sala,fila,numero,VIP) values (8,10,16, 0);
INSERT INTO Lugar (sala,fila,numero,VIP) values (8,10,17, 0);
INSERT INTO Lugar (sala,fila,numero,VIP) values (8,10,18, 0);
INSERT INTO Lugar (sala,fila,numero,VIP) values (8,11,1, 0);
INSERT INTO Lugar (sala,fila,numero,VIP) values (8,11,2, 0);
INSERT INTO Lugar (sala,fila,numero,VIP) values (8,11,3, 0);
INSERT INTO Lugar (sala,fila,numero,VIP) values (8,11,4, 0);
INSERT INTO Lugar (sala,fila,numero,VIP) values (8,11,5, 0);
INSERT INTO Lugar (sala,fila,numero,VIP) values (8,11,6, 0);
INSERT INTO Lugar (sala,fila,numero,VIP) values (8,11,7, 0);
INSERT INTO Lugar (sala,fila,numero,VIP) values (8,11,8, 0);
INSERT INTO Lugar (sala,fila,numero,VIP) values (8,11,9, 0);
INSERT INTO Lugar (sala,fila,numero,VIP) values (8,11,10, 0);
INSERT INTO Lugar (sala,fila,numero,VIP) values (8,11,11, 0);
INSERT INTO Lugar (sala,fila,numero,VIP) values (8,11,12, 0);
INSERT INTO Lugar (sala,fila,numero,VIP) values (8,11,13, 0);
INSERT INTO Lugar (sala,fila,numero,VIP) values (8,11,14, 0);
INSERT INTO Lugar (sala,fila,numero,VIP) values (8,11,15, 0);
INSERT INTO Lugar (sala,fila,numero,VIP) values (8,11,16, 0);
INSERT INTO Lugar (sala,fila,numero,VIP) values (8,11,17, 0);
INSERT INTO Lugar (sala,fila,numero,VIP) values (8,11,18, 0);
INSERT INTO Lugar (sala,fila,numero,VIP) values (8,12,1, 0);
INSERT INTO Lugar (sala,fila,numero,VIP) values (8,12,2, 0);
INSERT INTO Lugar (sala,fila,numero,VIP) values (8,12,3, 0);
INSERT INTO Lugar (sala,fila,numero,VIP) values (8,12,4, 0);
INSERT INTO Lugar (sala,fila,numero,VIP) values (8,12,5, 0);
INSERT INTO Lugar (sala,fila,numero,VIP) values (8,12,6, 0);
INSERT INTO Lugar (sala,fila,numero,VIP) values (8,12,7, 0);
INSERT INTO Lugar (sala,fila,numero,VIP) values (8,12,8, 0);
INSERT INTO Lugar (sala,fila,numero,VIP) values (8,12,9, 0);
INSERT INTO Lugar (sala,fila,numero,VIP) values (8,12,10, 0);
INSERT INTO Lugar (sala,fila,numero,VIP) values (8,12,11, 0);
INSERT INTO Lugar (sala,fila,numero,VIP) values (8,12,12, 0);
INSERT INTO Lugar (sala,fila,numero,VIP) values (8,12,13, 0);
INSERT INTO Lugar (sala,fila,numero,VIP) values (8,12,14, 0);
INSERT INTO Lugar (sala,fila,numero,VIP) values (8,12,15, 0);
INSERT INTO Lugar (sala,fila,numero,VIP) values (8,12,16, 0);
INSERT INTO Lugar (sala,fila,numero,VIP) values (8,12,17, 0);
INSERT INTO Lugar (sala,fila,numero,VIP) values (8,12,18, 0);
INSERT INTO Lugar (sala,fila,numero,VIP) values (8,13,1, 0);
INSERT INTO Lugar (sala,fila,numero,VIP) values (8,13,2, 0);
INSERT INTO Lugar (sala,fila,numero,VIP) values (8,13,3, 0);
INSERT INTO Lugar (sala,fila,numero,VIP) values (8,13,4, 0);
INSERT INTO Lugar (sala,fila,numero,VIP) values (8,13,5, 0);
INSERT INTO Lugar (sala,fila,numero,VIP) values (8,13,6, 0);
INSERT INTO Lugar (sala,fila,numero,VIP) values (8,13,7, 0);
INSERT INTO Lugar (sala,fila,numero,VIP) values (8,13,8, 0);
INSERT INTO Lugar (sala,fila,numero,VIP) values (8,13,9, 0);
INSERT INTO Lugar (sala,fila,numero,VIP) values (8,13,10, 0);
INSERT INTO Lugar (sala,fila,numero,VIP) values (8,13,11, 0);
INSERT INTO Lugar (sala,fila,numero,VIP) values (8,13,12, 0);
INSERT INTO Lugar (sala,fila,numero,VIP) values (8,13,13, 0);
INSERT INTO Lugar (sala,fila,numero,VIP) values (8,13,14, 0);
INSERT INTO Lugar (sala,fila,numero,VIP) values (8,13,15, 0);
INSERT INTO Lugar (sala,fila,numero,VIP) values (8,13,16, 0);
INSERT INTO Lugar (sala,fila,numero,VIP) values (8,13,17, 0);
INSERT INTO Lugar (sala,fila,numero,VIP) values (8,13,18, 0);
INSERT INTO Lugar (sala,fila,numero,VIP) values (8,14,1, 0);
INSERT INTO Lugar (sala,fila,numero,VIP) values (8,14,2, 0);
INSERT INTO Lugar (sala,fila,numero,VIP) values (8,14,3, 0);
INSERT INTO Lugar (sala,fila,numero,VIP) values (8,14,4, 0);
INSERT INTO Lugar (sala,fila,numero,VIP) values (8,14,5, 0);
INSERT INTO Lugar (sala,fila,numero,VIP) values (8,14,6, 0);
INSERT INTO Lugar (sala,fila,numero,VIP) values (8,14,7, 0);
INSERT INTO Lugar (sala,fila,numero,VIP) values (8,14,8, 0);
INSERT INTO Lugar (sala,fila,numero,VIP) values (8,14,9, 0);
INSERT INTO Lugar (sala,fila,numero,VIP) values (8,14,10, 0);
INSERT INTO Lugar (sala,fila,numero,VIP) values (8,14,11, 0);
INSERT INTO Lugar (sala,fila,numero,VIP) values (8,14,12, 0);
INSERT INTO Lugar (sala,fila,numero,VIP) values (8,14,13, 0);
INSERT INTO Lugar (sala,fila,numero,VIP) values (8,14,14, 0);
INSERT INTO Lugar (sala,fila,numero,VIP) values (8,14,15, 0);
INSERT INTO Lugar (sala,fila,numero,VIP) values (8,14,16, 0);
INSERT INTO Lugar (sala,fila,numero,VIP) values (8,14,17, 0);
INSERT INTO Lugar (sala,fila,numero,VIP) values (8,14,18, 0);
INSERT INTO Lugar (sala,fila,numero,VIP) values (8,15,1, 0);
INSERT INTO Lugar (sala,fila,numero,VIP) values (8,15,2, 0);
INSERT INTO Lugar (sala,fila,numero,VIP) values (8,15,3, 0);
INSERT INTO Lugar (sala,fila,numero,VIP) values (8,15,4, 0);
INSERT INTO Lugar (sala,fila,numero,VIP) values (8,15,5, 0);
INSERT INTO Lugar (sala,fila,numero,VIP) values (8,15,6, 0);
INSERT INTO Lugar (sala,fila,numero,VIP) values (8,15,7, 0);
INSERT INTO Lugar (sala,fila,numero,VIP) values (8,15,8, 0);
INSERT INTO Lugar (sala,fila,numero,VIP) values (8,15,9, 0);
INSERT INTO Lugar (sala,fila,numero,VIP) values (8,15,10, 0);
INSERT INTO Lugar (sala,fila,numero,VIP) values (8,15,11, 0);
INSERT INTO Lugar (sala,fila,numero,VIP) values (8,15,12, 0);
INSERT INTO Lugar (sala,fila,numero,VIP) values (8,15,13, 0);
INSERT INTO Lugar (sala,fila,numero,VIP) values (8,15,14, 0);
INSERT INTO Lugar (sala,fila,numero,VIP) values (8,15,15, 0);
INSERT INTO Lugar (sala,fila,numero,VIP) values (8,15,16, 0);
INSERT INTO Lugar (sala,fila,numero,VIP) values (8,15,17, 0);
INSERT INTO Lugar (sala,fila,numero,VIP) values (8,15,18, 0);
INSERT INTO Lugar (sala,fila,numero,VIP) values (9,15,18, 0);
INSERT INTO Lugar (sala,fila,numero,VIP) values (13,15,18, 0);



INSERT INTO Filme (nome,diretor,resumo,duracao,dataEstreia) values ('Avengers : ENDGAME' , 'Anthony Russo, Joe Russo', 'Após Thanos eliminar metade das criaturas vivas, os Vingadores têm de lidar com a perda de amigos e entes queridos. Com Tony Stark vagando perdido no espaço sem água e comida, Steve Rogers e Natasha Romanov lideram a resistência contra o titã louco.' , 183 , '2019-04-25');
INSERT INTO Filme (nome,diretor,resumo,duracao,dataEstreia) values ('Pokemon: Detetive Pikachu', 'Rob Letterman',  'Um jovem une forças com o detetive Pikachu para desvendar o mistério por trás do desaparecimento de seu pai. Perseguindo pistas pelas ruas de Ryme City, a dupla dinâmica logo descobre uma trama desonesta que representa uma ameaça ao universo Pokémon.', 105, '2019-05-09');
INSERT INTO Filme (nome,diretor,resumo,duracao,dataEstreia) values ('My Little Pony: The Movie', 'Jayson Thiessen',  'A paz reina em Equestria, quando a pônei Twilight Sparkle se prepara para criar uma festa fabulosa para os habitantes locais. Mas os planos são arruinados pele chegada do Rei Storm e da inimiga Tempesta, que planejam roubar os poderes das princesas na intenção de controlar o clima e dominar o mundo.', 104, '2017-12-04');
INSERT INTO Filme (nome,diretor,resumo,duracao,dataEstreia) values ('Pokemonzilla', 'Josh Nab',  'Pokemons radioativos de tamanho absurdo tentam destruir Pallet Town.', 95, '2015-03-01');
INSERT INTO Filme (nome,diretor,resumo,duracao,dataEstreia) values ('The Official Pokemon Movie', 'Wataru Nobuya',  'Não há palavras que descrevam este filme.', 156, '2019-02-05');
INSERT INTO Filme (nome,diretor,resumo,duracao,dataEstreia) values ('Arceus and the Jewel of Life', 'Hideki Sonoda',  'Há milhões de anos, Arceus salvou a população do mundo, humanos e pokémons, de um meteoro que devastaria a Terra e se feriu durante a missão. Curado por Damos, deu a ele a joia chamada "Órbita da Vida", que continha os 5 atributos do mundo Pokemon.', 98, '2019-03-18');
INSERT INTO Filme (nome,diretor,resumo,duracao,dataEstreia) values ('Minions', 'Pierre Coffin',  'Seres amarelos milenares, os minions têm uma missão: servir os maiores vilões. Em depressão desde a morte de seu antigo mestre, eles tentam encontrar um novo chefe. Três voluntários, Kevin, Stuart e Bob vão até uma convenção de vilões nos Estados Unidos e lá se encantam com Scarlet Overkill, que ambiciona ser a primeira mulher a dominar o mundo.', 91, '2015-06-17');
INSERT INTO Filme (nome,diretor,resumo,duracao,dataEstreia) values ('Back to the Future I', 'Robert Zemeckis',  'Marty McFly, um adolescente de uma pequena cidade californiana, é transportado para a década de 1950 quando a experiência do excêntrico cientista Doc Brown dá errado. Viajando no tempo em um carro modificado, Marty conhece versões jovens de seus pais e precisa fazer com que eles se apaixonem, ou então ele deixará de existir. Para complicar, Marty precisa voltar para casa a tempo de salvar o cientista.', 116, '1985-05-04');
INSERT INTO Filme (nome,diretor,resumo,duracao,dataEstreia) values ('Back to the Future II', 'Robert Zemeckis',  'Marty McFly, um adolescente de uma pequena cidade californiana, é transportado para a década de 1950 quando a experiência do excêntrico cientista Doc Brown dá errado. Viajando no tempo em um carro modificado, Marty conhece versões jovens de seus pais e precisa fazer com que eles se apaixonem, ou então ele deixará de existir. Para complicar, Marty precisa voltar para casa a tempo de salvar o cientista.', 116, '1985-05-04');
INSERT INTO Filme (nome,diretor,resumo,duracao,dataEstreia) values ('Back to the Future III', 'Robert Zemeckis',  'Marty McFly, um adolescente de uma pequena cidade californiana, é transportado para a década de 1950 quando a experiência do excêntrico cientista Doc Brown dá errado. Viajando no tempo em um carro modificado, Marty conhece versões jovens de seus pais e precisa fazer com que eles se apaixonem, ou então ele deixará de existir. Para complicar, Marty precisa voltar para casa a tempo de salvar o cientista.', 116, '1985-05-04');
INSERT INTO Filme (nome,diretor,resumo,duracao,dataEstreia) values ('Titanic', 'James Cameron',  'Um artista pobre e uma jovem rica se conhecem e se apaixonam na fatídica jornada do Titanic, em 1912. Embora esteja noiva do arrogante herdeiro de uma siderúrgica, a jovem desafia sua família e amigos em busca do verdadeiro amor.', 195, '1998-01-16');
INSERT INTO Filme (nome,diretor,resumo,duracao,dataEstreia) values ('The Godfather', '-', '-', 90, '2010-10-10');
INSERT INTO Filme (nome,diretor,resumo,duracao,dataEstreia) values ('Pulp Fiction', '-', '-', 90, '2010-10-10');
INSERT INTO Filme (nome,diretor,resumo,duracao,dataEstreia) values ('Dark Knight', '-', '-', 90, '2010-10-10');
INSERT INTO Filme (nome,diretor,resumo,duracao,dataEstreia) values ('IT', '-', '-', 90, '2010-10-10');
INSERT INTO Filme (nome,diretor,resumo,duracao,dataEstreia) values ('Matrix', '-', '-', 90, '2010-10-10');
INSERT INTO Filme (nome,diretor,resumo,duracao,dataEstreia) values ('UP - Altamente', '-', '-', 90, '2010-10-10');
INSERT INTO Filme (nome,diretor,resumo,duracao,dataEstreia) values ('O Rei Leão', '-', '-', 90, '2010-10-10');
INSERT INTO Filme (nome,diretor,resumo,duracao,dataEstreia) values ('WALL-E', '-', '-', 90, '2010-10-10');

INSERT INTO Categoria (nome,descricao) values ('Ação' , 'Um filme de ação (AO 1945: filme de acção) é um gênero de filme que geralmente envolve uma história de protagonistas do bem contra antagonistas do mal, que resolvem suas disputas com o uso de força física, neles o bem sempre prevalece sobre o mal. Os filmes de ação são comuns de se misturarem com os gêneros policiais e crimes, westerns e guerra, entre outros. ' );
INSERT INTO Categoria (nome,descricao) values ('Aventura' , 'O filme de aventura é um gênero cinematográfico que pode ser caracterizado como uma história onde um herói enfrenta uma série de obstáculos, exibindo coragem ao enfrentar situações que fogem ao cotidiano.');
INSERT INTO Categoria (nome,descricao) values ('Fantasia' , 'Fantasia é um gênero da ficção em que se usa geralmente fenômenos sobrenaturais, mágicos e outros como um elemento primário do enredo, tema ou configuração. Muitas obras dentro do gênero ocorrem em mundos imaginários onde há criaturas mágicas e itens mágicos. Geralmente a fantasia distingue-se dos gêneros ficção científica e horror pela expectativa de que ele dirige claramente de temas científicos e macabros, respectivamente, embora haja uma grande sobreposição entre os três, todos os quais são subgêneros da ficção especulativa.');
INSERT INTO Categoria (nome,descricao) values ('Terror' , 'Very spooky!!');
INSERT INTO Categoria (nome,descricao) values ('Ficção Científica' , 'Very spooky!!');
INSERT INTO Categoria (nome,descricao) values ('Romance' , 'Muito fofo.');
INSERT INTO Categoria (nome,descricao) values ('Comédia' , 'Very funny! Aahaha');


INSERT INTO Critica (autor,filme,classificacao,descricao) values ('Peter Rowland' , 1 , 5, 'Bom filme!');
INSERT INTO Critica (autor,filme,classificacao,descricao) values ('Marie Johnson' , 1 , 4, 'Chorei no fim :(');
INSERT INTO Critica (autor,filme,classificacao,descricao) values ('Marie Johnson' , 1 , 5, 'Ja posso dar spoilers hehe');

INSERT INTO Critica (autor,filme,classificacao,descricao) values ('Ash Ketchum' , 2 , 5, 'TAO FOOOOOOOOOOFO!');
INSERT INTO Critica (autor,filme,classificacao,descricao) values ('Ash Ketchum' , 2 , 5, 'TAO FOOOOOOOOOOFO AGAIN!');
INSERT INTO Critica (autor,filme,classificacao,descricao) values ('Brock' , 2 , 5, 'Loved it');
INSERT INTO Critica (autor,filme,classificacao,descricao) values ('Ash Ketchum' , 2 , 5, 'CONTINUA TAO FOOOOOOOOOOFO!');
INSERT INTO Critica (autor,filme,classificacao,descricao) values ('Team Rocker James' , 2 , 3, 'Eu queria apanhar o pikachu');
INSERT INTO Critica (autor,filme,classificacao,descricao) values ('Team Rocker Jessie' , 2 , 2, 'Eu queria apanhar o pikachu tambem');

INSERT INTO Critica (autor,filme,classificacao,descricao) values ('Pessoa 1' , 3 , 3, 'Eu quero um ponei agora');
INSERT INTO Critica (autor,filme,classificacao,descricao) values ('Pessoa 2' , 3 , 3, 'gostei mais do pikachu');
INSERT INTO Critica (autor,filme,classificacao,descricao) values ('Pessoa 3' , 3 , 4, 'fofo');

INSERT INTO Critica (autor,filme,classificacao,descricao) values ('Pessoa 3' , 4 , 1, 'scary');
INSERT INTO Critica (autor,filme,classificacao,descricao) values ('Pessoa 4' , 4 , 2, 'extra scary');

INSERT INTO Critica (autor,filme,classificacao,descricao) values ('Pessoa 1' , 5 , 4, 'beautifull');

INSERT INTO Critica (autor,filme,classificacao,descricao) values ('Pessoa 2' , 6 , 5, 'adorei');
INSERT INTO Critica (autor,filme,classificacao,descricao) values ('Pessoa 2' , 6 , 4, 'adorei');

INSERT INTO Critica (autor,filme,classificacao,descricao) values ('Pessoa 2' , 7 , 4, 'adorei');
INSERT INTO Critica (autor,filme,classificacao,descricao) values ('Pessoa 2' , 7 , 3, 'decente');

INSERT INTO Critica (autor,filme,classificacao,descricao) values ('Pessoa 2' , 8 , 3, 'adorei');

INSERT INTO Critica (autor,filme,classificacao,descricao) values ('Pessoa 2' , 9 , 1, 'adorei');

INSERT INTO Critica (autor,filme,classificacao,descricao) values ('Pessoa 2' , 10 , 2, 'adorei');

INSERT INTO Critica (autor,filme,classificacao,descricao) values ('Pessoa 2' , 11, 3, 'adorei');

INSERT INTO Critica (autor,filme,classificacao,descricao) values ('Pessoa 2' , 12, 3, 'adorei');

INSERT INTO Critica (autor,filme,classificacao,descricao) values ('Pessoa 2' , 13, 4, 'adorei');

INSERT INTO Critica (autor,filme,classificacao,descricao) values ('Pessoa 2' , 14, 1, 'adorei');

INSERT INTO Critica (autor,filme,classificacao,descricao) values ('Pessoa 2' , 15, 2, 'adorei');

INSERT INTO Critica (autor,filme,classificacao,descricao) values ('Pessoa 2' , 16, 4, 'adorei');

INSERT INTO Critica (autor,filme,classificacao,descricao) values ('Pessoa 2' , 17, 5, 'adorei');
INSERT INTO Critica (autor,filme,classificacao,descricao) values ('Pessoa 2' , 17, 1, 'lixo');

INSERT INTO Critica (autor,filme,classificacao,descricao) values ('Pessoa 2' , 18, 4, 'adorei');

INSERT INTO Critica (autor,filme,classificacao,descricao) values ('Pessoa 2' , 19, 2, 'adorei');

INSERT INTO Critica (autor,filme,classificacao,descricao) values ('Pessoa 2' , 6 , 1, 'adorei');



INSERT INTO FilmeTemCategoria (filme,categoria) values (1,1);
INSERT INTO FilmeTemCategoria (filme,categoria) values (1,2);
INSERT INTO FilmeTemCategoria (filme,categoria) values (1,3);

INSERT INTO FilmeTemCategoria (filme,categoria) values (2,2);
INSERT INTO FilmeTemCategoria (filme,categoria) values (2,3);

INSERT INTO FilmeTemCategoria (filme,categoria) values (3,2);
INSERT INTO FilmeTemCategoria (filme,categoria) values (3,3);

INSERT INTO FilmeTemCategoria (filme,categoria) values (4,3);
INSERT INTO FilmeTemCategoria (filme,categoria) values (4,4);

INSERT INTO FilmeTemCategoria (filme,categoria) values (5,3);

INSERT INTO FilmeTemCategoria (filme,categoria) values (6,3);

INSERT INTO FilmeTemCategoria (filme,categoria) values (7,3);
INSERT INTO FilmeTemCategoria (filme,categoria) values (7,7);

INSERT INTO FilmeTemCategoria (filme,categoria) values (8,5);
INSERT INTO FilmeTemCategoria (filme,categoria) values (9,5);
INSERT INTO FilmeTemCategoria (filme,categoria) values (10,5);

INSERT INTO FilmeTemCategoria (filme,categoria) values (11,6);

INSERT INTO FilmeTemCategoria (filme,categoria) values (12,1);

INSERT INTO FilmeTemCategoria (filme,categoria) values (13,1);

INSERT INTO FilmeTemCategoria (filme,categoria) values (14,1);
INSERT INTO FilmeTemCategoria (filme,categoria) values (14,3);

INSERT INTO FilmeTemCategoria (filme,categoria) values (15,3);
INSERT INTO FilmeTemCategoria (filme,categoria) values (15,4);

INSERT INTO FilmeTemCategoria (filme,categoria) values (16,1);
INSERT INTO FilmeTemCategoria (filme,categoria) values (16,2);
INSERT INTO FilmeTemCategoria (filme,categoria) values (16,5);

INSERT INTO FilmeTemCategoria (filme,categoria) values (17,3);
INSERT INTO FilmeTemCategoria (filme,categoria) values (17,7);

INSERT INTO FilmeTemCategoria (filme,categoria) values (18,3);

INSERT INTO FilmeTemCategoria (filme,categoria) values (19,3);


INSERT INTO CinemaTemFilme (cinema,filme) values (1,1);
INSERT INTO CinemaTemFilme (cinema,filme) values (1,2);
INSERT INTO CinemaTemFilme (cinema,filme) values (1,3);
INSERT INTO CinemaTemFilme (cinema,filme) values (1,4);
INSERT INTO CinemaTemFilme (cinema,filme) values (1,5);
INSERT INTO CinemaTemFilme (cinema,filme) values (1,6);
INSERT INTO CinemaTemFilme (cinema,filme) values (1,7);
INSERT INTO CinemaTemFilme (cinema,filme) values (1,8);
INSERT INTO CinemaTemFilme (cinema,filme) values (1,9);
INSERT INTO CinemaTemFilme (cinema,filme) values (1,10);
INSERT INTO CinemaTemFilme (cinema,filme) values (1,11);
INSERT INTO CinemaTemFilme (cinema,filme) values (1,13);
INSERT INTO CinemaTemFilme (cinema,filme) values (1,14);
INSERT INTO CinemaTemFilme (cinema,filme) values (1,15);
INSERT INTO CinemaTemFilme (cinema,filme) values (1,16);
INSERT INTO CinemaTemFilme (cinema,filme) values (1,17);
INSERT INTO CinemaTemFilme (cinema,filme) values (1,18);
INSERT INTO CinemaTemFilme (cinema,filme) values (1,19);

INSERT INTO CinemaTemFilme (cinema,filme) values (2,1);
INSERT INTO CinemaTemFilme (cinema,filme) values (2,2);
INSERT INTO CinemaTemFilme (cinema,filme) values (2,3);
INSERT INTO CinemaTemFilme (cinema,filme) values (2,4);
INSERT INTO CinemaTemFilme (cinema,filme) values (2,5);
INSERT INTO CinemaTemFilme (cinema,filme) values (2,6);
INSERT INTO CinemaTemFilme (cinema,filme) values (2,7);
INSERT INTO CinemaTemFilme (cinema,filme) values (2,8);
INSERT INTO CinemaTemFilme (cinema,filme) values (2,9);
INSERT INTO CinemaTemFilme (cinema,filme) values (2,10);
INSERT INTO CinemaTemFilme (cinema,filme) values (2,11);
INSERT INTO CinemaTemFilme (cinema,filme) values (2,13);
INSERT INTO CinemaTemFilme (cinema,filme) values (2,14);
INSERT INTO CinemaTemFilme (cinema,filme) values (2,15);
INSERT INTO CinemaTemFilme (cinema,filme) values (2,16);
INSERT INTO CinemaTemFilme (cinema,filme) values (2,17);
INSERT INTO CinemaTemFilme (cinema,filme) values (2,18);
INSERT INTO CinemaTemFilme (cinema,filme) values (2,19);

INSERT INTO CinemaTemFilme (cinema,filme) values (3,1);
INSERT INTO CinemaTemFilme (cinema,filme) values (3,2);
INSERT INTO CinemaTemFilme (cinema,filme) values (3,3);
INSERT INTO CinemaTemFilme (cinema,filme) values (3,4);
INSERT INTO CinemaTemFilme (cinema,filme) values (3,5);
INSERT INTO CinemaTemFilme (cinema,filme) values (3,8);
INSERT INTO CinemaTemFilme (cinema,filme) values (3,9);
INSERT INTO CinemaTemFilme (cinema,filme) values (3,11);
INSERT INTO CinemaTemFilme (cinema,filme) values (3,17);
INSERT INTO CinemaTemFilme (cinema,filme) values (3,18);
INSERT INTO CinemaTemFilme (cinema,filme) values (3,19);

INSERT INTO CinemaTemFilme (cinema,filme) values (4,1);
INSERT INTO CinemaTemFilme (cinema,filme) values (4,2);
INSERT INTO CinemaTemFilme (cinema,filme) values (4,3);
INSERT INTO CinemaTemFilme (cinema,filme) values (4,4);
INSERT INTO CinemaTemFilme (cinema,filme) values (4,5);
INSERT INTO CinemaTemFilme (cinema,filme) values (4,6);
INSERT INTO CinemaTemFilme (cinema,filme) values (4,9);
INSERT INTO CinemaTemFilme (cinema,filme) values (4,10);
INSERT INTO CinemaTemFilme (cinema,filme) values (4,19);


INSERT INTO Sessao (horaInicio , sala,filme) values ('2019-04-25T12:00' , 1 , 1);
INSERT INTO Sessao (horaInicio , sala,filme) values ('2019-04-30T16:00' , 1 , 1);
INSERT INTO Sessao (horaInicio , sala,filme) values ('2019-04-25T16:00' , 2 , 1);

INSERT INTO Sessao (horaInicio , sala,filme) values ('2019-05-24T16:00' , 2 , 2);
INSERT INTO Sessao (horaInicio , sala,filme) values ('2019-06-29T23:00' , 2 , 2);
INSERT INTO Sessao (horaInicio , sala,filme) values ('2019-06-29T21:00' , 5 , 2);

INSERT INTO Sessao (horaInicio , sala,filme) values ('2019-05-24T15:00' , 2 , 3);
INSERT INTO Sessao (horaInicio , sala,filme) values ('2019-05-24T19:00' , 2 , 3);
INSERT INTO Sessao (horaInicio , sala,filme) values ('2019-05-24T23:00' , 2 , 3);

INSERT INTO Sessao (horaInicio , sala,filme) values ('2015-08-01T23:00' , 2 , 4);
INSERT INTO Sessao (horaInicio , sala,filme) values ('2015-08-01T23:00' , 2 , 4);
INSERT INTO Sessao (horaInicio , sala,filme) values ('201-08-02T23:00' , 5 , 4);
INSERT INTO Sessao (horaInicio , sala,filme) values ('2015-08-03T23:00' , 5 , 4);
INSERT INTO Sessao (horaInicio , sala,filme) values ('2015-08-04T23:00' , 5 , 4);

INSERT INTO Sessao (horaInicio , sala,filme) values ('2019-05-01T23:00' , 5 , 5);

INSERT INTO Sessao (horaInicio , sala,filme) values ('2019-05-01T23:00' , 5 , 6);

INSERT INTO Sessao (horaInicio , sala,filme) values ('2019-05-02T23:00' , 5 , 7);

INSERT INTO Sessao (horaInicio , sala,filme) values ('2019-05-03T23:00' , 5 , 8);

INSERT INTO Sessao (horaInicio , sala,filme) values ('2019-05-04T23:00' , 5 , 9);

INSERT INTO Sessao (horaInicio , sala,filme) values ('2019-05-05T23:00' , 1 , 10);

INSERT INTO Sessao (horaInicio , sala,filme) values ('2019-05-06T23:00' , 2 , 11);

INSERT INTO Sessao (horaInicio , sala,filme) values ('2019-05-07T23:00' , 1 , 12);

INSERT INTO Sessao (horaInicio , sala,filme) values ('2019-05-08T23:00' , 1 , 13);

INSERT INTO Sessao (horaInicio , sala,filme) values ('2019-05-09T23:00' , 2 , 14);

INSERT INTO Sessao (horaInicio , sala,filme) values ('2019-05-01T23:00' , 2 , 15);

INSERT INTO Sessao (horaInicio , sala,filme) values ('2019-05-02T23:00' , 5 , 16);

INSERT INTO Sessao (horaInicio , sala,filme) values ('2019-05-02T23:00' , 1 , 17);

INSERT INTO Sessao (horaInicio , sala,filme) values ('2019-05-03T23:00' , 5 , 18);

INSERT INTO Sessao (horaInicio , sala,filme) values ('2019-05-04T23:00' , 2 , 19);
INSERT INTO Sessao (horaInicio , sala,filme) values ('2019-05-04T23:00' , 9 , 11);
INSERT INTO Sessao (horaInicio , sala,filme) values ('2019-05-04T23:00' , 13 , 15);
INSERT INTO Sessao (horaInicio , sala,filme) values ('2019-05-04T12:00' , 9 , 11);
INSERT INTO Sessao (horaInicio , sala,filme) values ('2019-05-04T12:00' , 9 , 11);
INSERT INTO Sessao (horaInicio , sala,filme) values ('2019-05-04T12:00' , 9 , 11);
INSERT INTO Sessao (horaInicio , sala,filme) values ('2019-05-04T15:00' , 13 , 15);
INSERT INTO Sessao (horaInicio , sala,filme) values ('2019-05-04T15:00' , 13 , 15);


INSERT INTO PostoVenda (cinema) values (1);
INSERT INTO PostoVenda (cinema) values (1);

INSERT INTO PostoVenda (cinema) values (2);




INSERT INTO Produto (nome,preco) values ('Coca-cola' , 1.5);
INSERT INTO Produto (nome,preco) values ('Pipocas Medias' , 3);
INSERT INTO Produto (nome,preco) values ('Pipocas Grandes' , 4);
INSERT INTO Produto (nome,preco) values ('Pipocas Pequenas' , 2.5);
INSERT INTO Produto (nome,preco) values ('Agua' , 1);




INSERT INTO ProdutoDisponivel (produto,postoVenda,stock) values (1,1,100);
INSERT INTO ProdutoDisponivel (produto,postoVenda,stock) values (1,2,100);
INSERT INTO ProdutoDisponivel (produto,postoVenda,stock) values (1,3,100);

INSERT INTO ProdutoDisponivel (produto,postoVenda,stock) values (2,1,50);
INSERT INTO ProdutoDisponivel (produto,postoVenda,stock) values (2,2,40);
INSERT INTO ProdutoDisponivel (produto,postoVenda,stock) values (2,3,70);

INSERT INTO ProdutoDisponivel (produto,postoVenda,stock) values (3,1,50);
INSERT INTO ProdutoDisponivel (produto,postoVenda,stock) values (3,2,40);
INSERT INTO ProdutoDisponivel (produto,postoVenda,stock) values (3,3,70);

INSERT INTO ProdutoDisponivel (produto,postoVenda,stock) values (4,1,50);
INSERT INTO ProdutoDisponivel (produto,postoVenda,stock) values (4,2,40);
INSERT INTO ProdutoDisponivel (produto,postoVenda,stock) values (4,3,70);

INSERT INTO ProdutoDisponivel (produto,postoVenda,stock) values (5,1,80);
INSERT INTO ProdutoDisponivel (produto,postoVenda,stock) values (5,2,0);
INSERT INTO ProdutoDisponivel (produto,postoVenda,stock) values (5,3,70);



INSERT INTO Pessoa (nome,NIF,telefone,dataNascimento , morada , codigoPostal) values ('Joao Aguiar' , 259301924 , 9322024419 , '1970-03-08' , 'Rua Indefinida' , '4420-732');
INSERT INTO Pessoa (nome,NIF,telefone,dataNascimento , morada , codigoPostal) values ('Carlos Oliveira' , 275231232 , 96342314547 , '2001-11-27' , 'Rua Indefinida' , '4420-732');
INSERT INTO Pessoa (nome,NIF,telefone,dataNascimento , morada , codigoPostal) values ('Arminda Costa' , 214334214 , 931356536321 , '1991-06-01' , 'Rua Indefinida' , '4420-732');
INSERT INTO Pessoa (nome,NIF,telefone,dataNascimento , morada , codigoPostal) values ('José Guimarãoes' , 214876214 , 918704637 , '1997-03-05' , 'Rua Indefinida' , '4562-436');
INSERT INTO Pessoa (nome,NIF,telefone,dataNascimento , morada , codigoPostal) values ('António Leixo' , 214876215 , 918704638 , '1997-03-23' , 'Rua Indefinida' , '4562-436');
INSERT INTO Pessoa (nome,NIF,telefone,dataNascimento , morada , codigoPostal) values ('Susana Peixoto' , 214876216 , 918704639 , '1997-04-05' , 'Rua Indefinida' , '4562-436');
INSERT INTO Pessoa (nome,NIF,telefone,dataNascimento , morada , codigoPostal) values ('Isabel Pereira' , 214876217 , 918704640 , '1993-03-05' , 'Rua Indefinida' , '4562-436');
INSERT INTO Pessoa (nome,NIF,telefone,dataNascimento , morada , codigoPostal) values ('Pedro Cunha' , 214876218 , 918704641 , '1997-09-12' , 'Rua Indefinida' , '4562-436');
INSERT INTO Pessoa (nome,NIF,telefone,dataNascimento , morada , codigoPostal) values ('Eduardo Alves' , 214876219 , 918704652 , '1995-12-21' , 'Rua Indefinida' , '4562-436');
INSERT INTO Pessoa (nome,NIF,telefone,dataNascimento , morada , codigoPostal) values ('Nuno Moreira' , 214876220 , 918704642 , '1997-09-13' , 'Rua Indefinida' , '4562-436');
INSERT INTO Pessoa (nome,NIF,telefone,dataNascimento , morada , codigoPostal) values ('Cristina Ferreira' , 214876221 , 918704643 , '1997-09-14' , 'Rua Indefinida' , '4562-436');
INSERT INTO Pessoa (nome,NIF,telefone,dataNascimento , morada , codigoPostal) values ('Jorge Reis' , 214876222 , 918704644 , '1997-09-15' , 'Rua Indefinida' , '4562-436');
INSERT INTO Pessoa (nome,NIF,telefone,dataNascimento , morada , codigoPostal) values ('Sofia Araújo' , 214876223 , 918704645 , '1997-09-16' , 'Rua Indefinida' , '4562-436');
INSERT INTO Pessoa (nome,NIF,telefone,dataNascimento , morada , codigoPostal) values ('Ricardo Marques' , 214876224 , 918704646 , '1997-09-17' , 'Rua Indefinida' , '4562-436');
INSERT INTO Pessoa (nome,NIF,telefone,dataNascimento , morada , codigoPostal) values ('Manuel Vilhena' , 214876225 , 918704647 , '1997-09-18' , 'Rua Indefinida' , '4562-436');
INSERT INTO Pessoa (nome,NIF,telefone,dataNascimento , morada , codigoPostal) values ('Rui de Sá' , 214876226 , 918704648 , '1997-09-19' , 'Rua Indefinida' , '4562-436');
INSERT INTO Pessoa (nome,NIF,telefone,dataNascimento , morada , codigoPostal) values ('Ana Baptista' , 214876227 , 918704649 , '1997-09-20' , 'Rua Indefinida' , '4562-436');
INSERT INTO Pessoa (nome,NIF,telefone,dataNascimento , morada , codigoPostal) values ('Cláudia Dias' , 214876229 , 918704650 , '1997-09-21' , 'Rua Indefinida' , '4562-436');
INSERT INTO Pessoa (nome,NIF,telefone,dataNascimento , morada , codigoPostal) values ('Manuel José' , 214876549 , 918704651 , '1997-09-22' , 'Rua Indefinida' , '4562-436');
INSERT INTO Pessoa (nome,NIF,telefone,dataNascimento , morada , codigoPostal) values ('Paulo Jorge Pequeno' , 214876252 , 918704652 , '1997-09-23' , 'Rua Indefinida' , '4562-436');
INSERT INTO Pessoa (nome,NIF,telefone,dataNascimento , morada , codigoPostal) values ('Victor Nogueira' , 214876253 , 918704653 , '1997-09-24' , 'Rua Indefinida' , '4562-436');
INSERT INTO Pessoa (nome,NIF,telefone,dataNascimento , morada , codigoPostal) values ('Luís Valente' , 214876254 , 918704654 , '1997-09-25' , 'Rua Indefinida' , '4562-436');
INSERT INTO Pessoa (nome,NIF,telefone,dataNascimento , morada , codigoPostal) values ('Luisa Meireles' , 254876254 , 918704654 , '1997-09-25' , 'Rua Indefinida' , '4562-436');



INSERT INTO Funcionario (pessoaID , funcoes,salario , cinema , postoVenda , numeroTrabalhador) values (1,'Pedidos de Bar' , 800 , 1,1,1);
INSERT INTO Funcionario (pessoaID , funcoes,salario , cinema , postoVenda , numeroTrabalhador) values (4,'Gestor de Bar' , 1200 , 2,1,2);



INSERT INTO Cliente (pessoaID) values (2);
INSERT INTO Cliente (pessoaID) values (3);
INSERT INTO Cliente (pessoaID) values (5);
INSERT INTO Cliente (pessoaID) values (6);
INSERT INTO Cliente (pessoaID) values (7);
INSERT INTO Cliente (pessoaID) values (8);
INSERT INTO Cliente (pessoaID) values (9);
INSERT INTO Cliente (pessoaID) values (10);
INSERT INTO Cliente (pessoaID) values (11);
INSERT INTO Cliente (pessoaID) values (12);
INSERT INTO Cliente (pessoaID) values (13);
INSERT INTO Cliente (pessoaID) values (14);
INSERT INTO Cliente (pessoaID) values (15);
INSERT INTO Cliente (pessoaID) values (16);
INSERT INTO Cliente (pessoaID) values (17);
INSERT INTO Cliente (pessoaID) values (18);
INSERT INTO Cliente (pessoaID) values (19);
INSERT INTO Cliente (pessoaID) values (20);
INSERT INTO Cliente (pessoaID) values (21);
INSERT INTO Cliente (pessoaID) values (22);
INSERT INTO Cliente (pessoaID) values (23);



INSERT INTO Adesao (tipo) values ('Jovem'),('Criança'),('Idoso'),('Normal'),('Estudante');



INSERT INTO Membro (clienteID , email,numeroCartao,validadeAdesao,adesao) values (2 , 'generico@mail.com' , 1 , '2020-09-12' , 2);


INSERT INTO Pedido (precoOriginal, precoEfetivo, dataPagamento, postoVenda , funcionario , cliente) values (10, 8, '2019-04-25T10:00', 1 , 1 , 2);
INSERT INTO Pedido (precoOriginal, precoEfetivo, dataPagamento, postoVenda , funcionario , cliente) values (5, 5, '2019-04-25T10:30', 2 , 1 , 3);
INSERT INTO Pedido (precoOriginal, precoEfetivo, dataPagamento, postoVenda , funcionario , cliente) values (17, 17, '2019-04-29T14:30', 1 , 4 , 3);
INSERT INTO Pedido (precoOriginal, precoEfetivo, dataPagamento, postoVenda , funcionario , cliente) values (12, 12, '2019-01-17T17:30', 1 , 4 , 2);
INSERT INTO Pedido (precoOriginal, precoEfetivo, dataPagamento, postoVenda , funcionario , cliente) values (15, 15, '2019-04-23T16:36', 1 , 4 , 5);
INSERT INTO Pedido (precoOriginal, precoEfetivo, dataPagamento, postoVenda , funcionario , cliente) values (10, 10, '2019-04-25T16:35', 1 , 4 , 5);
INSERT INTO Pedido (precoOriginal, precoEfetivo, dataPagamento, postoVenda , funcionario , cliente) values (15, 15, '2019-04-26T16:36', 1 , 4 , 5);
INSERT INTO Pedido (precoOriginal, precoEfetivo, dataPagamento, postoVenda , funcionario , cliente) values (15, 15, '2019-04-27T16:36', 1 , 4 , 5);
INSERT INTO Pedido (precoOriginal, precoEfetivo, dataPagamento, postoVenda , funcionario , cliente) values (15, 15, '2019-04-28T16:36', 1 , 4 , 5);
INSERT INTO Pedido (precoOriginal, precoEfetivo, dataPagamento, postoVenda , funcionario , cliente) values (15, 15, '2019-04-23T16:46', 1 , 4 , 6);
INSERT INTO Pedido (precoOriginal, precoEfetivo, dataPagamento, postoVenda , funcionario , cliente) values (15, 15, '2019-04-23T16:56', 1 , 4 , 7);
INSERT INTO Pedido (precoOriginal, precoEfetivo, dataPagamento, postoVenda , funcionario , cliente) values (15, 15, '2019-04-23T22:36', 1 , 4 , 8);
INSERT INTO Pedido (precoOriginal, precoEfetivo, dataPagamento, postoVenda , funcionario , cliente) values (15, 15, '2019-04-30T16:36', 1 , 4 , 9);
INSERT INTO Pedido (precoOriginal, precoEfetivo, dataPagamento, postoVenda , funcionario , cliente) values (15, 15, '2019-04-22T16:36', 1 , 4 , 9);
INSERT INTO Pedido (precoOriginal, precoEfetivo, dataPagamento, postoVenda , funcionario , cliente) values (15, 15, '2019-04-31T16:36', 1 , 4 , 9);
INSERT INTO Pedido (precoOriginal, precoEfetivo, dataPagamento, postoVenda , funcionario , cliente) values (15, 15, '2019-05-01T16:36', 1 , 4 , 9);
INSERT INTO Pedido (precoOriginal, precoEfetivo, dataPagamento, postoVenda , funcionario , cliente) values (15, 15, '2019-04-02T16:36', 1 , 4 , 9);
INSERT INTO Pedido (precoOriginal, precoEfetivo, dataPagamento, postoVenda , funcionario , cliente) values (15, 15, '2019-04-24T16:36', 1 , 4 , 10);
INSERT INTO Pedido (precoOriginal, precoEfetivo, dataPagamento, postoVenda , funcionario , cliente) values (15, 15, '2019-04-25T16:36', 1 , 4 , 10);
INSERT INTO Pedido (precoOriginal, precoEfetivo, dataPagamento, postoVenda , funcionario , cliente) values (15, 15, '2019-04-26T16:36', 1 , 4 , 10);
INSERT INTO Pedido (precoOriginal, precoEfetivo, dataPagamento, postoVenda , funcionario , cliente) values (15, 15, '2019-04-20T16:36', 1 , 4 , 11);
INSERT INTO Pedido (precoOriginal, precoEfetivo, dataPagamento, postoVenda , funcionario , cliente) values (15, 15, '2019-04-21T16:36', 1 , 4 , 12);
INSERT INTO Pedido (precoOriginal, precoEfetivo, dataPagamento, postoVenda , funcionario , cliente) values (15, 15, '2019-04-30T16:36', 1 , 4 , 9);
INSERT INTO Pedido (precoOriginal, precoEfetivo, dataPagamento, postoVenda , funcionario , cliente) values (15, 15, '2019-04-3T16:36', 1 , 4 , 22);
INSERT INTO Pedido (precoOriginal, precoEfetivo, dataPagamento, postoVenda , funcionario , cliente) values (15, 15, '2019-04-15T16:36', 1 , 4 , 17);
INSERT INTO Pedido (precoOriginal, precoEfetivo, dataPagamento, postoVenda , funcionario , cliente) values (15, 15, '2019-04-23T16:36', 1 , 4 , 22);
INSERT INTO Pedido (precoOriginal, precoEfetivo, dataPagamento, postoVenda , funcionario , cliente) values (15, 15, '2019-04-7T16:36', 1 , 4 , 18);
INSERT INTO Pedido (precoOriginal, precoEfetivo, dataPagamento, postoVenda , funcionario , cliente) values (15, 15, '2019-04-9T16:36', 1 , 4 , 8);
INSERT INTO Pedido (precoOriginal, precoEfetivo, dataPagamento, postoVenda , funcionario , cliente) values (15, 15, '2019-04-5T16:36', 1 , 4 , 11);
INSERT INTO Pedido (precoOriginal, precoEfetivo, dataPagamento, postoVenda , funcionario , cliente) values (15, 15, '2019-04-24T16:36', 1 , 4 , 19);
INSERT INTO Pedido (precoOriginal, precoEfetivo, dataPagamento, postoVenda , funcionario , cliente) values (15, 15, '2019-04-6T16:36', 1 , 4 , 7);
INSERT INTO Pedido (precoOriginal, precoEfetivo, dataPagamento, postoVenda , funcionario , cliente) values (15, 15, '2019-04-21T16:36', 1 , 4 , 23);
INSERT INTO Pedido (precoOriginal, precoEfetivo, dataPagamento, postoVenda , funcionario , cliente) values (15, 15, '2019-04-8T16:36', 1 , 4 , 14);
INSERT INTO Pedido (precoOriginal, precoEfetivo, dataPagamento, postoVenda , funcionario , cliente) values (15, 15, '2019-04-20T16:36', 1 , 4 , 14);
INSERT INTO Pedido (precoOriginal, precoEfetivo, dataPagamento, postoVenda , funcionario , cliente) values (15, 15, '2019-04-5T16:36', 1 , 4 , 15);
INSERT INTO Pedido (precoOriginal, precoEfetivo, dataPagamento, postoVenda , funcionario , cliente) values (15, 15, '2019-04-12T16:36', 1 , 4 , 15);
INSERT INTO Pedido (precoOriginal, precoEfetivo, dataPagamento, postoVenda , funcionario , cliente) values (15, 15, '2019-04-28T16:36', 1 , 4 , 9);
INSERT INTO Pedido (precoOriginal, precoEfetivo, dataPagamento, postoVenda , funcionario , cliente) values (15, 15, '2019-04-18T16:36', 1 , 4 , 18);
INSERT INTO Pedido (precoOriginal, precoEfetivo, dataPagamento, postoVenda , funcionario , cliente) values (15, 15, '2019-04-23T16:36', 1 , 4 , 20);
INSERT INTO Pedido (precoOriginal, precoEfetivo, dataPagamento, postoVenda , funcionario , cliente) values (15, 15, '2019-04-6T16:36', 1 , 4 , 23);
INSERT INTO Pedido (precoOriginal, precoEfetivo, dataPagamento, postoVenda , funcionario , cliente) values (15, 15, '2019-04-5T16:36', 1 , 4 , 17);
INSERT INTO Pedido (precoOriginal, precoEfetivo, dataPagamento, postoVenda , funcionario , cliente) values (15, 15, '2019-04-26T16:36', 1 , 4 , 12);
INSERT INTO Pedido (precoOriginal, precoEfetivo, dataPagamento, postoVenda , funcionario , cliente) values (15, 15, '2019-04-28T16:36', 1 , 4 , 17);


INSERT INTO Bilhete (sessao , lugar , pedido) values (1 , 1 , 1);
INSERT INTO Bilhete (sessao , lugar , pedido) values (1 , 2 , 1);

INSERT INTO Bilhete (sessao , lugar , pedido) values (2 , 151, 2);

INSERT INTO Bilhete (sessao , lugar , pedido) values (4 , 12, 3);

INSERT INTO Bilhete (sessao , lugar , pedido) values (6 , 900, 4);
INSERT INTO Bilhete (sessao , lugar , pedido) values (10 , 900, 4);
INSERT INTO Bilhete (sessao , lugar , pedido) values (11 , 900, 4);

INSERT INTO Bilhete (sessao , lugar , pedido) values (12 , 12, 4);

INSERT INTO Bilhete (sessao , lugar , pedido) values (13 , 1050, 5);

INSERT INTO Bilhete (sessao , lugar , pedido) values (14 , 12, 6);
INSERT INTO Bilhete (sessao , lugar , pedido) values (14 , 16, 2);

INSERT INTO Bilhete (sessao , lugar , pedido) values (15 , 1050, 7);

INSERT INTO Bilhete (sessao , lugar , pedido) values (16 , 12, 8);

INSERT INTO Bilhete (sessao , lugar , pedido) values (17 , 12, 9);
INSERT INTO Bilhete (sessao , lugar , pedido) values (17 , 13, 10);
INSERT INTO Bilhete (sessao , lugar , pedido) values (17 , 14, 11);
INSERT INTO Bilhete (sessao , lugar , pedido) values (17 , 15, 12);
INSERT INTO Bilhete (sessao , lugar , pedido) values (17 , 16, 13);

INSERT INTO Bilhete (sessao , lugar , pedido) values (18 , 12, 10);
INSERT INTO Bilhete (sessao , lugar , pedido) values (18 , 14, 1);
INSERT INTO Bilhete (sessao , lugar , pedido) values (18 , 15, 2);

INSERT INTO Bilhete (sessao , lugar , pedido) values (19 , 12, 11);

INSERT INTO Bilhete (sessao , lugar , pedido) values (20 , 12, 12);

INSERT INTO Bilhete (sessao , lugar , pedido) values (21 , 12, 12);
INSERT INTO Bilhete (sessao , lugar , pedido) values (21 , 50, 13);

INSERT INTO Bilhete (sessao , lugar , pedido) values (22 , 12, 1);
INSERT INTO Bilhete (sessao , lugar , pedido) values (22 , 50, 2);
INSERT INTO Bilhete (sessao , lugar , pedido) values (22 , 54, 3);

INSERT INTO Bilhete (sessao , lugar , pedido) values (30 , 54, 3);
INSERT INTO Bilhete (sessao , lugar , pedido) values (31 , 54, 3);


INSERT INTO ProdutoAdquirido (produto , pedido , quantidade) values (1 , 1 , 2);
INSERT INTO ProdutoAdquirido (produto , pedido , quantidade) values (2 , 1 , 1);
INSERT INTO ProdutoAdquirido (produto , pedido , quantidade) values (3 , 2 , 1);

INSERT INTO ProdutoAdquirido (produto , pedido , quantidade) values (1 , 3 , 4);
INSERT INTO ProdutoAdquirido (produto , pedido , quantidade) values (2 , 3 , 3);

INSERT INTO ProdutoAdquirido (produto , pedido , quantidade) values (2 , 4 , 3);

INSERT INTO ProdutoAdquirido (produto , pedido , quantidade) values (2 , 5 , 2);

INSERT INTO ProdutoAdquirido (produto , pedido , quantidade) values (2 , 6 , 1);

INSERT INTO ProdutoAdquirido (produto , pedido , quantidade) values (2 , 7 , 5);

INSERT INTO ProdutoAdquirido (produto , pedido , quantidade) values (2 , 8 , 4);

INSERT INTO ProdutoAdquirido (produto , pedido , quantidade) values (2 , 9 , 7);

INSERT INTO ProdutoAdquirido (produto , pedido , quantidade) values (2 , 10 , 3);

INSERT INTO ProdutoAdquirido (produto , pedido , quantidade) values (2 , 11, 1);
